-- phpMyAdmin SQL Dump
-- version 4.9.0.1
-- https://www.phpmyadmin.net/
--
-- Servidor: 127.0.0.1
-- Tiempo de generación: 11-01-2020 a las 19:46:45
-- Versión del servidor: 10.3.16-MariaDB
-- Versión de PHP: 7.3.7

SET SQL_MODE = "NO_AUTO_VALUE_ON_ZERO";
SET AUTOCOMMIT = 0;
START TRANSACTION;
SET time_zone = "+00:00";


/*!40101 SET @OLD_CHARACTER_SET_CLIENT=@@CHARACTER_SET_CLIENT */;
/*!40101 SET @OLD_CHARACTER_SET_RESULTS=@@CHARACTER_SET_RESULTS */;
/*!40101 SET @OLD_COLLATION_CONNECTION=@@COLLATION_CONNECTION */;
/*!40101 SET NAMES utf8mb4 */;

--
-- Base de datos: `db_venta_pasajes`
--

-- --------------------------------------------------------

--
-- Estructura de tabla para la tabla `tb_comprobante`
--

CREATE TABLE `tb_comprobante` (
  `id_comprobante` int(11) NOT NULL,
  `tipo_documento` varchar(10) NOT NULL,
  `documento` varchar(12) NOT NULL,
  `nombre_razon` varchar(250) NOT NULL,
  `direccion` varchar(250) NOT NULL,
  `telefono` int(11) NOT NULL,
  `observaciones` varchar(250) NOT NULL,
  `sub_total` decimal(11,2) NOT NULL,
  `igv` decimal(11,2) NOT NULL,
  `total` decimal(11,2) NOT NULL,
  `serie` varchar(10) DEFAULT NULL,
  `correlativo` varchar(15) DEFAULT NULL,
  `external_id` varchar(50) DEFAULT NULL,
  `codigo_qr` text DEFAULT NULL,
  `link_pdf` varchar(200) DEFAULT NULL,
  `fechaventa` timestamp NOT NULL DEFAULT current_timestamp(),
  `retorno_facturador` text DEFAULT NULL,
  `estado` int(11) NOT NULL DEFAULT 1 COMMENT '1: Valido, 2: Anulado'
) ENGINE=InnoDB DEFAULT CHARSET=latin1;

--
-- Volcado de datos para la tabla `tb_comprobante`
--

INSERT INTO `tb_comprobante` (`id_comprobante`, `tipo_documento`, `documento`, `nombre_razon`, `direccion`, `telefono`, `observaciones`, `sub_total`, `igv`, `total`, `serie`, `correlativo`, `external_id`, `codigo_qr`, `link_pdf`, `fechaventa`, `retorno_facturador`, `estado`) VALUES
(1, 'DNI', '123', '12dd', 'ssda', 123, '', '18.64', '3.36', '22.00', NULL, NULL, NULL, NULL, NULL, '2020-01-04 13:06:50', NULL, 1),
(2, 'DNI', '123', 'sa', '12', 1122, '', '10.17', '1.83', '12.00', NULL, NULL, NULL, NULL, NULL, '2020-01-04 13:06:50', NULL, 1),
(3, 'DNI', '11', '11', '11', 11, '', '29.66', '5.34', '35.00', NULL, NULL, NULL, NULL, NULL, '2020-01-04 13:06:50', NULL, 1),
(4, 'DNI', '12', '12', '12', 12, '', '23.73', '4.27', '28.00', NULL, NULL, NULL, NULL, NULL, '2020-01-04 13:06:50', NULL, 1),
(5, 'DNI', '12', '21', '2', 12, '', '10.17', '1.83', '12.00', NULL, NULL, NULL, NULL, NULL, '2020-01-04 13:06:50', NULL, 1),
(6, 'DNI', '12', '12', '12', 12, '', '17.80', '3.20', '21.00', NULL, NULL, NULL, NULL, NULL, '2020-01-04 13:06:50', NULL, 1),
(7, 'DNI', '123', '12', '122', 123, '', '10.17', '1.83', '12.00', NULL, NULL, NULL, NULL, NULL, '2020-01-04 13:06:50', NULL, 1),
(8, 'DNI', '12', '2121', '2121s', 1221, '', '38.98', '7.02', '46.00', NULL, NULL, NULL, NULL, NULL, '2020-01-04 13:06:50', NULL, 1),
(9, 'DNI', '11', '11', '11', 11, '', '1.69', '0.31', '2.00', NULL, NULL, NULL, NULL, NULL, '2020-01-04 13:06:50', NULL, 1),
(10, 'DNI', '121', '12', '12', 212, '', '1.69', '0.31', '2.00', NULL, NULL, NULL, NULL, NULL, '2020-01-04 13:06:50', NULL, 1),
(11, 'DNI', '12', '12', '12', 12, '', '2.54', '0.46', '3.00', NULL, NULL, NULL, NULL, NULL, '2020-01-04 13:06:50', NULL, 1),
(12, 'DNI', '11', '11', '11', 11, '', '1.69', '0.31', '2.00', NULL, NULL, NULL, NULL, NULL, '2020-01-04 13:06:50', NULL, 1),
(13, 'DNI', '12323', '12', '122', 1212, '', '11.86', '2.14', '14.00', NULL, NULL, NULL, NULL, NULL, '2020-01-04 13:06:50', NULL, 1),
(14, 'DNI', '121', 'saa', '12', 21, '', '28.81', '5.19', '34.00', NULL, NULL, NULL, NULL, NULL, '2020-01-04 13:06:50', NULL, 1),
(15, 'DNI', '73044100', 'asddasdas', 'adsads', 132, '', '19.49', '3.51', '23.00', NULL, NULL, NULL, NULL, NULL, '2020-01-04 13:06:50', NULL, 1),
(16, 'DNI', '73044100', 'asdasas', 'sdffdsdf', 123, '', '19.49', '3.51', '23.00', NULL, NULL, NULL, NULL, NULL, '2020-01-04 13:06:50', NULL, 1),
(17, 'DNI', '73044410', 'dasas', 'asdsad', 123, '', '19.49', '3.51', '23.00', NULL, NULL, NULL, NULL, NULL, '2020-01-04 13:06:50', NULL, 1),
(18, 'DNI', '73044100', 'fabro', 'av lima 123', 8282919, '', '25.42', '4.58', '30.00', NULL, NULL, NULL, NULL, NULL, '2020-01-04 13:06:50', NULL, 1),
(19, 'DNI', '73044100', 'fabricio vela', 'asddas', 123, 'arequipa - andaray', '38.98', '7.02', '46.00', NULL, NULL, NULL, NULL, NULL, '2020-01-04 13:06:50', NULL, 1),
(20, 'DNI', '73044100', 'asdads', 'asdasd', 23, '', '25.42', '4.58', '30.00', NULL, NULL, NULL, NULL, NULL, '2020-01-04 13:17:14', NULL, 1),
(21, 'DNI', '73044100', 'dfdsdf', 'ddsf', 324, '', '17.80', '3.20', '21.00', NULL, NULL, NULL, NULL, NULL, '2020-01-04 13:21:28', NULL, 1),
(22, 'DNI', '73044100', 'asads', 'asd', 234, '', '25.42', '4.58', '30.00', NULL, NULL, NULL, NULL, NULL, '2020-01-04 13:24:01', NULL, 1),
(23, 'DNI', '73044100', 'FABRICIO ANDRE VELA TEJADA', '', 7887, '', '19.49', '3.51', '23.00', NULL, NULL, NULL, NULL, NULL, '2020-01-04 13:31:50', NULL, 1),
(24, 'RUC', '20603844883', 'BYTE SOLUCIONES SOCIEDAD ANONIMA CERRADA- BYTE SOLUCIONES S.A.C.', 'CAL. LOS GORRIONES NRO. 104A URB. EL CARMEN AREQUIPA - AREQUIPA - AREQUIPA', 0, '', '19.49', '3.51', '23.00', NULL, NULL, NULL, NULL, NULL, '2020-01-04 13:44:38', NULL, 1),
(25, 'RUC', '20603844883', 'BYTE SOLUCIONES SOCIEDAD ANONIMA CERRADA- BYTE SOLUCIONES S.A.C.', 'CAL. LOS GORRIONES NRO. 104A URB. EL CARMEN AREQUIPA - AREQUIPA - AREQUIPA', 0, '', '19.49', '3.51', '23.00', NULL, NULL, NULL, NULL, NULL, '2020-01-04 13:47:59', NULL, 1),
(26, 'RUC', '20603844883', 'BYTE SOLUCIONES SOCIEDAD ANONIMA CERRADA- BYTE SOLUCIONES S.A.C.', 'CAL. LOS GORRIONES NRO. 104A URB. EL CARMEN AREQUIPA - AREQUIPA - AREQUIPA', 0, '', '19.49', '3.51', '23.00', NULL, NULL, NULL, NULL, NULL, '2020-01-04 13:49:48', NULL, 1),
(27, 'RUC', '20603844883', 'BYTE SOLUCIONES SOCIEDAD ANONIMA CERRADA- BYTE SOLUCIONES S.A.C.', 'CAL. LOS GORRIONES NRO. 104A URB. EL CARMEN AREQUIPA - AREQUIPA - AREQUIPA', 0, '', '19.49', '3.51', '23.00', NULL, NULL, NULL, NULL, NULL, '2020-01-04 13:52:54', NULL, 1),
(28, 'DNI', '70580015', 'THALIA ALEJANDRA ADRIAN TEJADA', 'dasdasd', 13123, '', '10.17', '1.83', '12.00', 'B001', '5', '45e15f12-520b-4fb8-a520-3b45d38197f4', NULL, NULL, '2020-01-07 21:03:17', '{\"data\":{\"ticket\":\"1578517895335\",\"external_id\":\"bf8ac05e-d3c9-4687-946f-186f464a6f31\"},\"success\":true}', 2),
(29, 'DNI', '70580015', 'THALIA ALEJANDRA ADRIAN TEJADA', '', 0, '', '10.17', '1.83', '12.00', 'B001', '34', '4bbca4ba-aa89-4145-b3fc-ed932433e93b', NULL, NULL, '2020-01-08 20:39:43', '{\"data\":{\"ticket\":\"1578518833417\",\"external_id\":\"47dd1bb0-0735-4df6-a159-ab67e6f223e4\"},\"success\":true}', 2),
(30, 'RUC', '10306550131', 'TEJADA VARGAS GENARA LUPE', 'EL PEDREGAL MZA. T LOTE. 07 MAJES AREQUIPA - CAYLLOMA - MAJES', 0, '', '10.17', '1.83', '12.00', 'F001', '5', '24651ea0-6ebc-4551-bdc6-c72028d9e1fc', NULL, NULL, '2020-01-08 20:40:17', '{\"data\":{\"ticket\":\"1578518843718\",\"external_id\":\"a59b98e1-8bc6-4f6c-8faa-3b1ad97fe419\"},\"success\":true}', 2),
(31, 'DNI', '70580015', 'THALIA ALEJANDRA ADRIAN TEJADA', '', 0, '', '23.73', '4.27', '28.00', 'B001', '39', '66d64acb-09da-461c-880c-6ff8b7eb1dc8', NULL, NULL, '2020-01-08 21:26:38', NULL, 1),
(32, 'DNI', '70580015', 'THALIA ALEJANDRA ADRIAN TEJADA', '', 0, '', '9.32', '1.68', '11.00', 'B001', '40', '3bde5b0c-d214-4aca-a458-883c4baffc91', NULL, NULL, '2020-01-08 21:28:22', NULL, 1),
(33, 'DNI', '70580015', 'THALIA ALEJANDRA ADRIAN TEJADA', '', 0, '', '37.29', '6.71', '44.00', 'B001', '41', '5e60c42c-04d2-42dc-a964-00f95825b398', NULL, NULL, '2020-01-08 21:38:44', NULL, 1),
(34, 'DNI', '70580015', 'THALIA ALEJANDRA ADRIAN TEJADA', '', 0, '', '5.08', '0.92', '6.00', 'B001', '42', '92a37e2c-a3ed-4daa-bcad-9f7bdff81bde', NULL, NULL, '2020-01-08 21:40:07', NULL, 1),
(35, 'DNI', '70580015', 'THALIA ALEJANDRA ADRIAN TEJADA', '', 0, '', '2.54', '0.46', '3.00', 'B001', '43', '1250a314-1363-4909-8b0d-48f55139ddb8', NULL, NULL, '2020-01-08 21:46:32', NULL, 1),
(36, 'DNI', '70580015', 'THALIA ALEJANDRA ADRIAN TEJADA', '', 0, '', '3.39', '0.61', '4.00', 'B001', '44', '1440a18a-253f-4de2-8585-1d0d44513b85', NULL, NULL, '2020-01-08 21:49:16', NULL, 1),
(37, 'DNI', '70580015', 'THALIA ALEJANDRA ADRIAN TEJADA', 'sadasd', 0, '', '2.54', '0.46', '3.00', 'B001', '45', 'c9360cf7-1706-40b3-a561-e1b7e5ebe1f2', NULL, NULL, '2020-01-08 21:50:58', NULL, 1),
(38, 'DNI', '70580015', 'THALIA ALEJANDRA ADRIAN TEJADA', '', 0, '', '18.64', '3.36', '22.00', NULL, NULL, NULL, NULL, NULL, '2020-01-08 21:54:58', NULL, 1),
(39, 'DNI', '70580015', 'THALIA ALEJANDRA ADRIAN TEJADA', '', 0, '', '20.34', '3.66', '24.00', 'B001', '46', 'deac5b23-08c6-4a35-aa10-5effb94446f9', NULL, NULL, '2020-01-08 21:55:39', NULL, 1),
(40, 'DNI', '70580015', 'THALIA ALEJANDRA ADRIAN TEJADA', '', 0, '', '0.85', '0.15', '1.00', 'B001', '47', '921b1d35-c4bb-434d-839f-fafa23b10e24', NULL, NULL, '2020-01-08 22:19:55', NULL, 1),
(41, 'DNI', '70580115', 'EFRAIN RAUL ANCO ROQUE', '', 0, '', '10.17', '1.83', '12.00', NULL, NULL, NULL, NULL, NULL, '2020-01-08 22:21:00', NULL, 1),
(42, 'DNI', '70580016', 'VILMA CALLOCSA MAMANI', '', 0, '', '2.54', '0.46', '3.00', 'B001', '48', '9a477ad0-ebba-4a29-aafb-272183fd21b6', NULL, NULL, '2020-01-08 22:27:38', NULL, 1),
(43, 'DNI', '70580022', 'JULIO ERNESTO POLAR ZAMORA', '', 0, '', '30.51', '5.49', '36.00', 'B001', '49', '647a3b92-463b-40b4-985e-1060078caae2', NULL, NULL, '2020-01-09 16:05:19', NULL, 1),
(44, 'DNI', '70580022', 'JULIO ERNESTO POLAR ZAMORA', '', 0, '', '47.46', '8.54', '56.00', 'B001', '52', '82b23a14-ec85-4ead-8122-733df7275dae', 'iVBORw0KGgoAAAANSUhEUgAAAJYAAACWCAIAAACzY+a1AAAACXBIWXMAAA7EAAAOxAGVKw4bAAAEa0lEQVR4nO2dwY7bMAxEm6L//8vbSxEEtcAdaihnB3nvuFZkJwNSFklxH19fX78gmd/vfgBwQcJ4kDAeJIwHCeNBwniQMB4kjAcJ40HCeJAwHiSM54847vF4+Dd7Dak/J1zG2a+3E4e9jqxvUVPPvBx2va+D/sxYYTxIGI/qSJ9MOaX66tUpicOWVx3qSZyrSzacMFYYDxLGg4TxtNfCV2rH3V0nXmerNxX1AtndrtSPpy9O9fd1fqsarDAeJIzHcqTnEB3Lhu8SYzei3xsJxJhghfEgYTxvc6RiyKZ2WUtnKH5W5OdXu2OF8SBhPEgYj7UWnksFOCnf69XlZzeSDNcJ9V/g3JqKFcaDhPG0Hem5eERdh6JvG7r7EP2+4jMvr54DK4wHCeNRHenNQQrRBW14qusX0d9XxXDPzb8VVhgPEsaDhPHMFOSfK6oXh+mlqt2ZlyOX9+1W5dTPQEH+B4GE8cwU5G+42dlYhu52nONO9STdhWNq74EVxoOE8TxmQwm6RxXrtcUos3OA9NtHrSc8BG+kHwQSxoOE8ahroVOgvpGYFRsTiFeXI8/V7JCpgB5IGE97U/ET3sW7rnKq1cK5+Ath7o8GCeOxwtxOMbU4bOOqWMA4TrfehzA3/AMJ40HCeKzozGxkZ+OzG5PcmWq+J4mNFcaDhPEMF+Q7kY766tTJpu7jOS7aic7oYIXxIGE87Wru8QqX67DlyJFDTMuHWd53I8zthKodsMJ4kDAeJIynvalwuuS+q/XjRmWNOP4ngBXGg4TxWJsK8SNLuvsQJyG8wUY06rrW3NOVBiuMBwnjmckXOhXZ47Gb7swOThq1nod84QeBhPEgYTxWdOZc5eS7ajK7ZavLTIXTPGJjp4EVxoOE8Qw38HJqZzY2BnXatriXyVT+2ZnwCVYYDxLGY/WdEQ9jPhkJW+hsNFB/V0bzCtGZDwIJ40HCeGZ6sIlVps6r/9TM3czMRv7k5q40WGE8SBjPTO2ME7rdcFkjbHyjbmKWvjMggYTxzPxH7Tq67STDRtDfZsV5lh8RA/fjYIXxIGE8SBjPcLsE/dRrt+XkSM8F/erISa6N+26AFcaDhPHc2l59OeHIGSKnmF+nG153ZtbBCuNBwnisN1LxnXPjHcx5bXPaDHdv8e0fr4z06HkFK4wHCeNBwnisTIWT8OzuUvS1oRtYmTqpK35fOuTD/yBhPDMnm0ReXUfXjTgx6+Uz1IWTTjRq4zSWA1YYDxLGY/3PJhHR24xXczuFkw7j8ZcarDAeJIwHCeOxojPOEZ7u1XOv7/Uq++0ziFeXtysmIVPxQSBhPDMF+Q7nWk5uHFwVcQ69jh8gxQrjQcJ43uZIu+dG61dEvWlxt+/MPQfnnfwoVhgPEsaDhPEcrJ3pTrLRO8aJdIyvlM56dp1EByuMBwnjaTvScy0PpppKds8fjSex62GEueF/kDCemU6I8EawwniQMB4kjAcJ40HCeJAwHiSMBwnjQcJ4kDAeJIwHCeNBwnj+Aqhac2wBYn74AAAAAElFTkSuQmCC', NULL, '2020-01-09 17:58:04', NULL, 1),
(45, 'DNI', '70580015', 'THALIA ALEJANDRA ADRIAN TEJADA', '', 0, '', '27.97', '5.03', '33.00', 'B001', '60', '9e70f622-4149-4c94-ac9d-ea8be232bb0e', 'iVBORw0KGgoAAAANSUhEUgAAAJYAAACWCAIAAACzY+a1AAAACXBIWXMAAA7EAAAOxAGVKw4bAAAEfklEQVR4nO2d227jMAxEN4v+/y9nXwrXgLUML2O7A5/zmFiXZkBZokj29X6//4Azf++eAExBQnuQ0B4ktAcJ7UFCe5DQHiS0BwntQUJ7kNAeJLTnK/nc6/WaD7Z3qW8dbh/uh1h+WO052SR+Pp7zEvlvFYMV2oOE9mQX0o3G/eJyYYnXsfziVn3++GRjEU6i+q1isEJ7kNAeJLSn/C7cU31jqdrGVN+U8WFm+W3c9uMoRyZ/L1ZoDxLaM1pIL2DpEKkeDOJlavnt8syjPXKowArtQUJ77l9Il+uY1lUdk99VHof7DbHwWKE9SGgPEtozehde4ENpXAhXe86TvKZect5bEyu0BwntKS+kKg9FvC+Pt+/xghYPkZz/pG37+R5YoT1IaE92IZVvqCS72eT6eXGY4cUuG6zQHiS0BwnteSUX7kZg/LFt42AQjyKZVdxz4yJl0qRxB4IV2oOE9mQX0p8G9fyjpFP4vMymiYclf+SY3ANP2mKF9iChPeUU0dgrnW+r3fLlbwSrbpd8JHjMeeE2WKE9SGgPEtojzmyS+18mz08ia+JRqvfGH8cls+nRIKE9ZTe3JH5+2UTuIpf4UCY+oyXJsErc3A8CCe25bUc62RkGQyz7mewMGzHa8azkbhqs0B4ktAcJ7bniyvf4/LLJ5D36carBZO6qLIN3Br5BQns0h4qGl0SyCE9SNScBjMmeJ/6mPFihPUhoT3lH+qG703KIVHE38aySnSRfHJOAzTxYoT1IaA8S2jPKbJrUf9H6QeQXwnKqNzNc+T4IJLRndKjQhhnKL4SD3v7XYTXfauK4X0LszBNBQns0VYHl5Vq0ASbLxXC5+B/HVcWnnwdWaA8S2oOE9oyKWUo8DnnXSfWxZIJu/mK2GjbfOJBwU/FEkNCeK/6j9iSQMH4+XoSTK+Sk5MHkLaACK7QHCe0pVwVeLh2TXB55uSuJZ0eyGJ7nb9qDFdqDhPYgoT2aGmzHx/bIN/cxkw4bAaLHb5OQ2QTfIKE94n81kj9UxIUJtHfIjfDGie9mArEzTwQJ7RntSJNWL0mNl1eHib+NnVCNttVZ5cEK7UFCe5DQHk0caUxy668qLqBNE4gfa0TGLj+Jf4QYrNAeJLRnVMAriSR5Ku6wUWF3Uh0mmMmpPS/BCu1BQntOzLVPcl5A3+TOb1J3ZgI70ieChPYgoT3iGmyFgRVFzpJDxNv3xgTiJvFkJL3twQrtQUJ7rshs2sinW04uVycu40kS6PHDRgJC43fGCu1BQnvK94WTRKTGKI22k9AVSc5Uo0QXufaPBgntQUJ7xP+/cI82DiVfRy05k0ZlGfl5QAJWaA8S2nNFEOKSpAtD4v5Q1RuW3ANP/rQlWKE9SGjPbQvpRjKHaI+k+NcFqMIMY7BCe5DQHiS0Z/QuPO8dI0kMXj6WvBA+1nr4OL04o6p61MmDFdqDhPaMyqtLmJTJXFJ1cDTCDOXVNMlsejRIaM9t0dygAiu0BwntQUJ7kNAeJLQHCe1BQnuQ0B4ktAcJ7UFCe5DQHiS05x/oCcc2VSpWYwAAAABJRU5ErkJggg==', NULL, '2020-01-09 19:18:10', NULL, 1),
(46, 'DNI', '73044100', 'FABRICIO ANDRE VELA TEJADA', '', 0, 'Pasaje Arequipa - Arequipa', '25.00', '0.00', '25.00', 'B001', '61', '61eb6508-3e11-494e-936d-8a9f30a78f0f', 'iVBORw0KGgoAAAANSUhEUgAAAJYAAACWCAIAAACzY+a1AAAACXBIWXMAAA7EAAAOxAGVKw4bAAAEd0lEQVR4nO2d227jMAxEm2L//5ezDw0CA1YYXsZOBj7nMbYu7UCURFH07X6//4Azv5/uAExBQnuQ0B4ktAcJ7UFCe5DQHiS0BwntQUJ7kNAeJLTnX/K92+02b2zrUn9W+Pxx28Tyx2TN+yYmxH1eIm83hlFoDxLakzWkTxrni0vDEpvK2Bbt+7A0wstfYgMeVNJA9b+KYRTag4T2IKE95blwS3XGUpVNsqwkrrk6y8ZPX71Z7VUMo9AeJLRnZEhPYOkQ2RulvCHaV9go+1UwCu1BQns+b0gnHuqkN3zbxGRVuW/uG2LhGYX2IKE9SGjPaC6czATxnLR/rXEgHJcNfnlVc/KYOu6MHEahPUhoT9mQqjwU8bo8Xr5X424aZZe/VP/2c7w5jEJ7kNCe2zf4F/7IG8NlkT3y6JgTzjgbMArtQUJ7kNCe7FwoCYxvxHPGrSQdOvmNgXYObhRpnIEwCu1BQns0hjRvP6sVNgy41ieSv9k0OQeelGUU2oOE9oxuNiVN1nHrxuX7yajqpHmPe5I32seF2zAK7UFCe5DQntGm4ntOOZY0+iy5q5U8TM7P3zGMQnuQ0J7spkKS2EXltqimPGg40Pdtvf0xWWSy51nCKLQHCe0ZJfCqhvstK2yYu7iJ6gXSRqx3/DTuldxNwyi0BwntQUJ7DjypkKz4G56OPRPX0rLdZOcb3hmOfK8IEtpTDsjPX9U8ISon+Zo81CWm0S6xM5cGCe0pe2fy6QVjc6eNblZlJGx37+3T6io6D6PQHiS0Bwnt+XzsjDzCJa5tck1gQnUu5Mj3QiChPeJ0CQ1DJFmCN458J9uVxlEzsTPwEiS0R+OdSa4qG6myJAvm/Mncvl1VfoDjYBTag4T2IKE9mk1F46ZuzHF+/WpmmZM3JBz5XhEktEfz8bvkOXAjXWVQ209rMzPZGFRvVJ0Do9AeJLRH880midt3kjtmcitzSbKI3M3dgFFoDxLag4T2iL/ZNImrVHl24naDDjSKTPpJ3hl4gIT2aLwzS6r+l7iS/GuNuwNBWVXemSTEzlwRJLRHnHdmieTSvfxqavx+0n5OQsLJOwMPkNAeJLRnlHcmSWMKlGR3m/QqproIWL5J3hl4gIT2aPLOxG9O9gASIxw/bWSH2df2tqyk5iWMQnuQ0B7xx+8aKzRJuPQko03+afW1BqxIrwgS2oOE9ow+NdJ+LV+PxIeypToH5498tbnf2FRcCCS0Z3TkW2VrHKpmRx7HvjRZ1XifxkUAib3dwii0Bwnt+dh5Yfxaw90TVBgb8PzycnKbNa6Eu/aXBgntQUJ7zgjIT1bSiDTRxt6/fSrfD0hgFNqDhPZo0iU0SNrApPsjjuhpZJZpPJUcF+PmviJIaM/HDOmTSfxLEvktfkm73GyCB0hoDxLaU44jnZxUyGe74xKbabu3LELeGXiAhPaUNxXHhaDnvRXaPuRrm9yKqvYB78yFQEJ7xB+/g/NhFNqDhPYgoT1IaA8S2oOE9iChPUhoDxLag4T2IKE9SGgPEtrzH62MxzysLPYuAAAAAElFTkSuQmCC', NULL, '2020-01-09 21:01:51', '{\"data\":{\"ticket\":\"1578682483118\",\"external_id\":\"3164f801-87a5-41b2-93ae-e6a4fba386ea\"},\"success\":true}', 2),
(47, 'DNI', '70580015', 'THALIA ALEJANDRA ADRIAN TEJADA', '', 0, 'Pasaje Arequipa - Arequipa', '25.00', '0.00', '25.00', 'B001', '62', '5a1733fe-3b29-4b14-aed7-89d4da6638bf', 'iVBORw0KGgoAAAANSUhEUgAAAJYAAACWCAIAAACzY+a1AAAACXBIWXMAAA7EAAAOxAGVKw4bAAAEfElEQVR4nO2dwXLbMAxE607//5fTS8bRRCy8IFZWd/Le0ZZIJjsASQCkHx8fH78gmd93DwCmIGE8SBgPEsaDhPEgYTxIGA8SxoOE8SBhPEgYDxLG80d87vF4zDurQ+rHLp5Piv3qLXe7OLb8fHKjuy56+gErjAcJ41Ed6ZON/OLSsYhOSXR3ujPsDqAejDh4nQ0njBXGg4TxIGE87bnwyMYMVHxbz1jLJ+s5qZ6D38zkf1WDFcaDhPGMHOmErmNZRknqlpfeqeuy9M3MXeWcWGE8SBjPbY5UXFXWHz7fffPi878qgccK40HCeJAwntFcOJkSupmHjR2CGLvRvz1PvRtZDjtYYTxIGE/bkdpX6sukbp3pPfsxPUoyeVcc87mvS8EK40HCeFRHal9QdV3lpIsl160q3xy7wQrjQcJ4kDCeh+i4N9bHk6L6yVxomUfPrb1sUNyu1HGfjTFjhfEgYTztTcXkHFDtWOwnm2qXJTJxd5binZdghfEgYTzqinT9ctNVHhG/Pfe1weRk0+QvcuUpa7DCeJAwHiSMx5Pyve4c72QeratMl5zHrM9Jd52ZwgrjQcJ4PEWIG3cZdDczetxnu4vlK5OzS/oswBHRHw0SxtPOF9YhYz0ofN3Z85rrwtx35TixwniQMB4kjGc0F56/rZncAWnv97pzT9edt1qCFcaDhPF4ihAnvqjGsiHZSNtOuM4JL8EK40HCeNq1M3p0o1u/7PJs3iiJqxqofkysu1mCFcaDhPEgYTyjOtKvVvoL5Y0yzndyXQkomwr4DhLGM9pUeA+B2u9w2XDR3ciOKwHefewIVhgPEsYz+vE78b7CupGNfruxjI1yP3vLnLWHf4KE8SBhPKPfLxTntuuuLVh+0r3LYKNsXjyNVV+X4Lp8DiuMBwnjMRfkH+luMCwXN+j92m/SOb/CBV4ggYTxeM7aTwLKk7jPRgLPchuOvSKb2pkfDRLGg4TxjG7IF6Mk4oShz7KTG23Or9QxlA26mfAhWGE8SBiPpwjxqzm367DkkDfC6xsF+SIU5MN3kDAezy9qW87yvHyleMwyvJdP1v12T0UR5oZPkDAeJIzn/oL85bd1v11ctaDdknv7HRNLsMJ4kDCe0aZiUv9y9jb222GuSyYv6SaEX34oghXGg4TxeKIz9tBt0cUveaU38bfiX1SPZNKyDlYYDxLGg4TxmFO+jY6b1yWIrR3ZaHkSf5ncg0Cm4keDhPGMrkvoItYMLrvT/c95xW8v16+hIB96IGE8o7P2IpNTQnqkuGjZjqWixwVWGA8SxoOE8ZhTvkcm0YqaSZWNGGGxRHZqXFM1VhgPEsbjSflOsBTk1+5uozB+2drtm5klWGE8SBjP/Y50csRJPCVUO0N9zVm7aHGNvXEVWg1WGA8SxoOE8YzmQktIfqN8vZuYdSUWupuKScpXByuMBwnj8VxmOWHjmq16Y1B0sfFuPdRJjJ4wN3yChPHcVs0NLrDCeJAwHiSMBwnjQcJ4kDAeJIwHCeNBwniQMB4kjAcJ40HCeP4CDrHoPJ4SMIcAAAAASUVORK5CYII=', NULL, '2020-01-09 21:33:57', NULL, 1),
(48, 'DNI', '70580014', 'YULISA ELIZABETH HUARACHE MENDOZA', '', 0, 'Pasaje Arequipa - Arequipa', '25.00', '0.00', '25.00', 'B001', '63', 'c308fad7-d5ba-4922-9829-118da1f2d3f7', 'iVBORw0KGgoAAAANSUhEUgAAAJYAAACWCAIAAACzY+a1AAAACXBIWXMAAA7EAAAOxAGVKw4bAAAEqklEQVR4nO2d247kIAxEp1f7/788+7JqRYJxClxJptTnPCbh0l0yBGOc1/f39xck8+fpDkAXJIwHCeNBwniQMB4kjAcJ40HCeJAwHiSMBwnjQcJ4/orPvV6vfmNHl/q7wvfFYxPTi2LNRROn7a72eYr9v6rBCuNBwnjUgfTNxv7idGCpxzF9cBuff9+ddnW8OB0qLbj+qxqsMB4kjAcJ41meC4+szliush1WFzPTu2Nt07s/PTnS+b1YYTxIGE9rIL2B2sPyRveh1IuK8eKxLe+SwwVWGA8SxvP8QFp7qMWynfdG/a1ybO43xMJjhfEgYTxIGE9rLuzMBPWcND62sSFsXwOInp0p182aWGE8SBjP8kDqGp1EH8rj8S+dDeF7vDlYYTxIGI86kNpfqCxvsxtxN3VPLGGGN7tssMJ4kDAeJIznJQ7cjwfGT1vZ6JU4jdWT4sZcaGl3ClYYDxLG41lUTEP2xrKuobKOnSkeO0X0m7tGV7HmGqwwHiSMZ/mIqBjZ93U2utaVdE421b2q7471uLYkrwu3wQrjQcJ4kDAe1TtzUsv6VDSWtU8S9uwGqwsDV/xqDVYYDxLGszyQ6mOmZV90w0VuWXJMy264mYp265pxc38QSBiPOe+My80tPikOs3qfxQOk9d26V/Y3cKwwHiSMBwnjMQfkd7ZeN042dSoUqbO76fsYnbxxNVhhPEgYjycIUXy3dvlQVt/LXY5sETHEZuMgwBSsMB4kjOfCs/Ydp/BqVLWe3qsuW1RSd+/0rjhxbIAVxoOE8SBhPHfkYPOmp2nSmQLFxzrzKFu+nwgSxtPa8hWz84p3a1yv4OJ6YNqumA1nWpu4Eb3xM7HCeJAwnuUjop3cf/Y0WzV1n0WXjSs/wHVghfEgYTxIGI/nm00bSSWL2k6frMuuFjm2VS8bVsPmNxYkbPl+IkgYj8fN7To6VOAahDsLA7EsySxhDSSMp5V3xhJ+YhnQNs4f1YhFOm5uF1hhPEgYDxLGY44j1SMnvRvCNRu7KxsbwuPF67xRR7DCeJAwnju+2SRGrW94OlbXLadlRf+LJVaxLkIQ4geBhPF4ghA33L6dIESLg0NMpPVTH4qeWBz3OlhhPEgYDxLGYz7ZpHvur0tmWVTyU2dW2YgVGp8k7wz8BwnjaWUF7sQedl7QLYPwlM7Zpbrd1V7hnfkgkDCe5diZ+uLGwNJJ0eU9AFU3MS3SOXTvek/GCuNBwniQMB7Ph2DtZcWtjxuy0uhbvp3d6aIDp2CF8SBhPK1FxSr6ccvOcqXT1c4h0LpXYxN6hTVYYTxIGI/5m01TNpzgq8edNsYfl4darLmuhLP2Hw0SxoOE8Xjyzkzx5o7ZiDSZhvqvnmzS432eyseGFcaDhPHckV59iujC2Dh/tJqucnq37vOU1UiizvHSI1hhPEgYz2MDaY0ro+L4vHhe3oIrzLAGK4wHCeNBwngu/H7hUzXXiRjGmuvVxUaYTL3UGZs4rbAGK4wHCeO5I++MyEZ0zNQRs7ptq/8iMbJmw8PCyaaPBgnjWT4iCr8NrDAeJIwHCeNBwniQMB4kjAcJ40HCeJAwHiSMBwnjQcJ4kDCef7oor1o1/C17AAAAAElFTkSuQmCC', NULL, '2020-01-09 21:45:46', NULL, 1),
(49, 'RUC', '10306550131', 'GENARA LUPE TEJADA VARGAS', 'EL PEDREGAL MZA. T LOTE. 07 MAJES AREQUIPA - CAYLLOMA - MAJES', 0, 'Pasaje Arequipa - Arequipa', '25.00', '0.00', '25.00', 'F001', '6', 'cf8b1ac5-f675-442c-8ad6-f76ec707d378', 'iVBORw0KGgoAAAANSUhEUgAAAJYAAACWCAIAAACzY+a1AAAACXBIWXMAAA7EAAAOxAGVKw4bAAAEfUlEQVR4nO2d227jMAxE14v+/y9nXxapAas0L2OnA5/zmEiU0wElmaLY7fV6/QFn/n76AWAKEtqDhPYgoT1IaA8S2oOE9iChPUhoDxLag4T2IKE9X8l227bNB9uH1N8G3x/uh1h+GHy7tHwdjWduD3EKXmgPEtqTnUjfNM4Xk5PhaZekkXiaTQ6R/JlxM9XfKgYvtAcJ7UFCe8pr4Z7JciJZiiZjxevosm/129NnSPaNwQvtQUJ7RhPpDcTxl2QQZ2kwbpZ8qt8AXmgPEtrz+Ym0ETo5NovD3LG1eFcpj7/IwQvtQUJ7kNCe0Vo4WQniSMexWT4OUj16jRfj5beTp5KDF9qDhPaUJ1JVYKI6UzXybpafxK8cyVB1cla8J4iDF9qDhPZkJ1L5hkq7m20EwatD5JvdHLLBC+1BQnuQ0J5Nuz/ORzomK1Y1SyV/GJLMQY3HnaStNsbFC+1BQnvER77LSMdkqmyk6x/7qlIFG7NcddyGZbzQHiS058LoTDX/Jd93siOdJDBOmEyVMXihPUhoDxLaUy6X0Ih0VJs1yN8/qj5A4/5w46m42fRokNCebJh73bl4lDp5M4lfDIYGM+1Pu9xQ4mEJXmgPEtoz2pEm49fVZqctq83yRpI3m5J/jeUvkodp8EJ7kNAeJLRn9FLxbaVeZU17s0n+7SR3ZgnRGfgRJLRHnDvTSFBPljxQRWckRiYJjPJ4E15oDxLaI87mjlGdzFXztRsTWkxys90ovs5E+kSQ0B4ktGdUIV+y9b+uXG483KR4Tb6oW9syR74PAgntGb1UVLf+eaqJhEkjS4PXvZBMlhUm0geBhPaId6SNM7DJxqyxb5xcXK1O5hTwghRIaA8S2qPJnfk2J8pDiS3fyaTuTOPshZOKJ4KE9oyqAk8qPk4q+y4fJsnkEsHNVSqT4IX2IKE9mv8i2gjdavMHJxc5G1k5S67bc8bghfYgoT1IaM8d/7+wkTujLcSgOj9JGpEXYojBC+1BQnvEBbwa5b0mRSUb0Zn4UbXXSxuQO/NEkNCeC//5nSSbe9ksDoJXIyz3hNePUHcG/oOE9iChPeI80iXVffxp3/ikIjByOlyy7+RFKGk5D15oDxLaU/5XI/IyW413j2qFl1ODAap7T/G3k6NmvNAeJLSnHObOI7kHJAlhqEp0HQ1O5mrV78UL7UFCe5DQHvHNpsLAg8VG8lJxtJbvcmqn/TBJa3vwQnuQ0J4LXyqO5BPyJ8e21S6qIPjxw0lYPw9eaA8S2jM6L0ySDFIsp1nJrjI/zUruH01OQBvghfYgoT1IaI/mlu8SSTGF5SeTOmrVyE6j7swETiqeCBLac8cV0SWSGuRx33jcSargJLye/GmEuR8EEtrzsYk0pjpV7tsnK8tMgtHJ+VOVZhiDF9qDhPYgoT2jtVCbd6M6A5kUhYlX2aq1xvWEBnihPUhoz4XlEpJMipE3nnAyoUluhi7hZtOjQUJ7PpbNDSrwQnuQ0B4ktAcJ7UFCe5DQHiS0BwntQUJ7kNAeJLQHCe1BQnv+AZ3lmkvxCG0rAAAAAElFTkSuQmCC', NULL, '2020-01-09 21:49:58', '{\"data\":{\"ticket\":\"1578682150602\",\"external_id\":\"b93e46c4-638e-4d39-8cf8-25bea0ea213c\"},\"success\":true}', 2),
(50, 'DNI', '70580015', 'THALIA ALEJANDRA ADRIAN TEJADA', '', 0, 'Pasaje Arequipa - Arequipa', '25.00', '0.00', '25.00', 'B001', '64', 'a517dbd1-a618-4c25-9fe1-5ebbb2b450ef', 'iVBORw0KGgoAAAANSUhEUgAAAJYAAACWCAIAAACzY+a1AAAACXBIWXMAAA7EAAAOxAGVKw4bAAAEdUlEQVR4nO2d267jIAxFp6P5/1/uvFRVJJCzsU3Sraz1eAiXky07YAx9vd/vP+DM37sHAFWQ0B4ktAcJ7UFCe5DQHiS0BwntQUJ7kNAeJLQHCe35Jz73er3qnU1D6t+W49K4nfixY+n4x2NrYzuJUe17V1OwQnuQ0B7VkX5J7C9OHUvCfwalujMcS1v83pSudxWDFdqDhPYgoT3L38IjseMWvwQJ7y8uKip148En1g8t72oKVmgPEtpTcqQVRF80fUyMoUyfH5+cLjnE2M0vgBXag4T23OZI4+iMSBzIXh1JortfyIXHCu1BQnuQ0J7St7DlSxBP38Uu9Kl/74JEZ99XEyu0BwntWXak7RGKlgyXRN1Kv+Ji5ppoDlZoDxLa87orvrCa7qfPV8XZ7L4NvIvBCu1BQnuQ0J5SQr4YuU8k1X9Lpw1WUt9Xq8RLjsSoxEZ0sEJ7kNCeKxLyY9fRkq7fleEirkMqLyHuK9EFVmgPEtqzMZt79THddYizWbFU70sMr0/Zl26DFdqDhPYgoT2lnYpKHopYRW9nbDDxDe696eCazRCs0B4ktGfZkSam74k92NUAuv5frDo33fmvuneiM/ABCe0p7ReK4eaue7tGWuZ+emkl+TF47HQMMVihPUhoDxLa0xOd2Rekb1k27Eso3Xe6mEXFg0BCe5oT8hOxjIqXm3axenZJZ/V7cU28CSu0Bwnt6TkiOk2+ji/DGh/TnWFMS3aMONT2sH4CrNAeJLQHCe1RFxXitQVdiTCro5py16Ii0VrlTWKF9iChPc1JiDGVK7q6Uu4r/Y5dJELVlcO2U7BCe5DQnubozPTJOIUk7kX0J/uu6EpElC4GK7QHCe1BQnt6fgg2UdoSFRITNbsWTr3b45xsgg9IaI/qSNvzB1su0hJL41G11714dYEV2oOE9izvFx6pnGqPWxZpOdqfcIYtp7GmEOZ+IkhoDxLac8WWb2X6LjbYfnap/d64sWWiM/ABCe1ZDnMfzT+egselYtqd6OX0SLo4KvFfOx1DXEUZwClYoT1IaE/zL2onfFdLeCiuome4rA61EubmZBN8QEJ7kNCe5S1ffetVpH2DtNJg5Va5scqxtXi5UhkzVmgPEtpTOiLaXiVdVw8PrW7q6jGX3ssUdLBCe5DQno37hfsya8TTSWIvXUmIFTgi+miQ0B4ktKe0U5E4gvulJYbSco430fKUSoIo0ZlHg4T29BwRFUlsCE/r7ssQHKsk+k34zMoqBSu0BwntWZ6Rtt912H5mSoyhtJziPx2M2Egl9o0V2oOE9iChPc23Ah/Zt8k50nWZ5Wp0pv2IMjsVTwQJ7WlOyNfZd4ZodQCn3a32W3HRLCqeCBLac5sjrRx3Wp0Z7rvNMKYSuGdG+iCQ0B4ktOeK3JkplZzMCxYVlVKx3+nFEwmwQnuQ0J6enxqpIK4HdLczVkkkIYotJzaT45a/sKh4EEhoT+lkE/wCWKE9SGgPEtqDhPYgoT1IaA8S2oOE9iChPUhoDxLag4T2IKE9/wHN1L5UmcRNDgAAAABJRU5ErkJggg==', NULL, '2020-01-10 15:55:59', '{\"data\":{\"ticket\":\"1578682867743\",\"external_id\":\"5c325736-fa63-4fcc-856e-aca26d678a85\"},\"success\":true}', 2),
(51, 'DNI', '70580015', 'THALIA ALEJANDRA ADRIAN TEJADA', '', 0, 'Pasaje Arequipa - Arequipa', '25.00', '0.00', '25.00', 'B001', '65', '1b4d18e6-9482-49ee-8742-b117f1dc22b0', 'iVBORw0KGgoAAAANSUhEUgAAAJYAAACWCAIAAACzY+a1AAAACXBIWXMAAA7EAAAOxAGVKw4bAAAEaklEQVR4nO2d227jMAxEN4v+/y9nXwojWCsML2Mlg5zzWFuS2wEpiaTU2/1+/wPO/H33B8AUJLQHCe1BQnuQ0B4ktAcJ7UFCe5DQHiS0BwntQUJ7fpLv3W63+WBxSP1xiOPN5LiNnpdP456PN/PDtcmnH7BCe5DQnqwjPWjkF5eOJemUkh614QyXT2POH5P8+DwNJ4wV2oOE9iChPeW58JH8DJR5unx/OURyTkq23cPkbxWDFdqDhPaMHOmEqmOJNwZxJ7FHjclvZt5VzokV2oOE9rzNkSZXlfEPj7Z5hyZZkX5UCTxWaA8S2oOE9ozmwsmUUM085GfK8+TayFQsZ+jz1NvIcsjBCu1BQnvKjlQeHV6u8uOl/9mPxW2TO5Nnb7bb7omkY4X2IKE9WUcqX1BVXeUnDFF1s3vACu1BQnuQ0J6bJPO5ZFJUL5kLz701Osy3nWx1Jr8vVmgPEtpT3lQ0zh81iuqvc8LVGWHi7vKh+QlYoT1IaE95RSrxTs/6yXxAvufkN6sOrkrGbSxNsUJ7kNAeJLRnlKnY4PQ3n06K626SbTeDFdqDhPaINxWTLUejGLBRwyIJc0uK+Rv1PkuwQnuQ0B5NvjDpAxuRDgmqQ0zywIqkLVZoDxLag4T2iE82Sa5bW/bTuFnmup7l0x6biq8GCe0ZbSqqRXn5nuMhJhdSxuNqax4n8aY8WKE9SGhP1pF2ui66O5WvjseterlJ7cwSwtzwP0hoDxLaM/pXI9Xkan62qyZXG0nd60r9J/M3m4pvBAnt2Vo7Ey/9H6ne4aKq6ElODfLNTPW1R7BCe5DQngtvBa6WCsadPJJ0d5JxG+eelnDWHp6ChPYgoT3ilG8j+t6oUqkGVvKJhUm8qZptaGyTlmCF9iChPeWUr/zemUnOeeKEqx+fb9tI6rKp+GqQ0J5R7UzVKU2YhKqXyO+OqdaJq45HYYX2IKE9SGhPuXZGVWQuuUMhfi1JXLwzYc9NNFihPUhojyblO6m0b3ibc9t86lUSYTn3lmeSiF6CFdqDhPZorlc/mLidxsJ1+VWTmHsSyakowtzwCxLag4T2iOtI8/NZ9TKauJOX31Add5KLiDtcwinfrwYJ7Rk50kmoejJEdbuiupggZlJ0OdnhYIX2IKE94iLESWrwkUk1t+Q3ip9KIjvcOwO/IKE9SGjPhXewvRhYUf9y3amo5VdNzi3Ly0cPsEJ7kNCe0QVeVeJyv8lW4botR6NtwyuyqfhqkNCecpj7unVjfrjY2+w82bRk8yIfK7QHCe1BQnsuTPlObl2JkdzwIinIfzmK8P1nYIX2IKE9F15mOWFyo011TZ8vM9xQ6t8AK7QHCe35UEd6kKzmjrN6qjtr4soabZ14HqzQHiS0BwntEf9HbXlvk8DKspPz0084nTTZkGCF9iChPWVHujn0cBAvwRsB94bvkpyKkgdxsEJ7kNCet1Vzgwqs0B4ktAcJ7UFCe5DQHiS0BwntQUJ7kNAeJLQHCe1BQnuQ0J5/jj30DB8prxwAAAAASUVORK5CYII=', NULL, '2020-01-10 16:35:23', '{\"data\":{\"ticket\":\"1578682733778\",\"external_id\":\"387e60f3-1aa0-4b03-8f75-4bc295bf5083\"},\"success\":true}', 2),
(52, 'DNI', '70580022', 'JULIO ERNESTO POLAR ZAMORA', '', 0, 'Pasaje Arequipa - Arequipa', '25.00', '0.00', '25.00', 'B001', '68', '1fa39fcd-27a5-4ea1-ad7c-fb7af55e0f44', 'iVBORw0KGgoAAAANSUhEUgAAAJYAAACWCAIAAACzY+a1AAAACXBIWXMAAA7EAAAOxAGVKw4bAAAEg0lEQVR4nO2d0W7kIAxFd1b9/1+efdgqigR1LrbJ9CrnPCYB0l5hiLE9r/f7/Qec+fvpF4AqSGgPEtqDhPYgoT1IaA8S2oOE9iChPUhoDxLag4T2fInPvV6v+mBnl/rR4XHxPMT0otjzyLTn6d245/GdL4dLox8/MAvtQUJ7VEN6kDhfnBqW2FTqxm18frwbG8Pp3Ra6/lcxzEJ7kNAeJLRneS08s7pidbWtIK6jx0X9g+RTfy+z0B4ktKdkSG9g6hAZjZJuiOKPirHD81i9nxxdMAvtQUJ7Pm9Ip3Zs1btdcWTru8pxuN8QC88stAcJ7UFCe0prYWUlEFesxIHwvq2/eEw9Zd+qySy0BwntWTakXWYq3pfH2/fVuJvEoW6lbfr5HMxCe5DQntdv8C/8RzeG0yYBFSe4Ptyn/pPMQnuQ0B4ktEddCyurTuLDQBwlsWuP27aswZUmiTMQZqE9SGhP6aOi17p2ZTbtC6oXrWslDj/RllloDxLa0xw7MzU7CcvWm9lUGVePuxF7bnfiMAvtQUJ7kNCe5XIJCVMueit6I3F+Gms1yjQeJf6Y6cqKimEW2oOE9twRhDg1wqsO5YqLXC+XELzA5UWxiTgcbu4HgYT29AQhrh7C6T2LL6O7uSs1a5TeLt+q3U3DLLQHCe1BQnuWj3zj1e7yydW2iRyi1ReIX2afZwfvDHyDhPb0HPmupilNL+rb95ZUzcS44t0Wf5MOs9AeJLSnVBW4kqoZPKa3nb5VfFFkNfj68m5lNxvDLLQHCe1BQnt6AvIre+uDRC5u3DaxU99X4GB1LeTI90EgoT095RJayhbs24JX/CCVijaJcYmdeSJIaE/Pj9+1+0FWnTL78o+66gPsg1loDxLag4T2NB/5JthXuiyxfY8/G1bPTxIfJBz5PhEktEc1pIkcopF77K0Y7pf4MBA/KvYtDVOYhfYgoT09O9IW+6kHElZcxi2xh9PH4twl6s7AjyChPUhoT+mkQtxbJ/Keek8AuuoN92YnkdkE3yChPc0pojdHuCRcRathPpVaxZWeiZ15EEhoT+l3Klq8vYkcoht2hi2FAvQmY1sM6YNAQnuQ0J5Slq94V1wpu4oLtNSsSeTxBo9Nn4wPonWYhfYgoT0bC3i1dHjzx0wld2l8LLE0xD1PYRbag4T2bPTOxLRENU6pVAUW2ZfZxI70iSChPUhoT0+5hMzAixv0yyeDtvH2fUpitetNRuCj4kEgoT095RJE4nTL9kCYxBohOt/jFxCLd+odxjAL7UFCe5rPC6f8KvfHOMSZSm3HuOe4E3LtHw0S2oOE9pSyfO8szJaIf0kc6op39eFugFloDxLa01MuIUHltzwqLuNKamrlncXHCMh/Ikhoz8cM6cHUsLTEv8ReZtG9XqErzDCGWWgPEtqDhPaU1sIWa94e4S+WHhBdLYnXuyEz+Qyz0B4ktGfZkN7szBUPSBOmcuztEtFEJzwsZDY9GiS052PR3NAFs9AeJLQHCe1BQnuQ0B4ktAcJ7UFCe5DQHiS0BwntQUJ7kNCef57Xpi1OTrVxAAAAAElFTkSuQmCC', NULL, '2020-01-10 22:45:01', NULL, 1),
(53, 'DNI', '70580015', 'THALIA ALEJANDRA ADRIAN TEJADA', '', 0, 'Pasaje Arequipa - Arequipa', '25.00', '0.00', '25.00', 'B001', '69', 'e69d1aae-ead3-4120-93b2-766a07fa3a05', 'iVBORw0KGgoAAAANSUhEUgAAAJYAAACWCAIAAACzY+a1AAAACXBIWXMAAA7EAAAOxAGVKw4bAAAEfUlEQVR4nO2d247bMAxEN0X//5fThwZBAAsMxRknnfqcx1qyvBlQF4pkb/f7/QeS+fXtDwAVJIwHCeNBwniQMB4kjAcJ40HCeJAwHiSMBwnjQcJ4fjfb3W43fbBXl/rzhc9/fB1i+Y+WN+8OUb95if23qsEK40HCeLoT6ZPB/eJgHutPbrvtjy3rpwqu36oGK4wHCeNBwni218JXdlcsV9+a4yr7+rZ6HT32XT6t+y457+/FCuNBwnikifQDLCfD3YNBfapZTmLLM4/3yOECK4wHCeP5/kS6nMd2vdv9nWE9Vt233ut+C6wwHiSMBwnjkdZCiw/lSf9Co3nLYVkpXW8+b9XECuNBwni2J1KXh6Lel9fb9924GyX+RbkQ/ow3ByuMBwnjuf0L/oW/9CfDZZcmg/mzOdy3fkmsMB4kjAcJ4+muhYPA+GPfQdh8PYqyFjadQa5FsdllcAeCFcaDhPGceOWr5AHthuv3fSiWp/Yjh3KHjBXGg4TxdCdS5e5tEFWtZDYpbu5mAGPz6bKl3YmDFcaDhPEgYTyezKZB2EjzyrdJP6i++JLBKP1EACUrqgYrjAcJ45Hc3CkuckvgYX+4mkG8Tw1WGA8SxrPtnalR5tu37ymanbczdG22j8n7LjcNVhgPEsaDhPFsx5G6Sk4uX1h0UW5I6m9QVkrFs4N3Bh4gYTxSQH7z+lTJIXLNvU0sG/3Bz0LszKVBwni2y6sPIgoHV4NNt29z2ukX/yqa1Z/39qmym63BCuNBwniQMB5PQP5gpWx6K7ylbd4+3b0hGTzdLZrzFqwwHiSMx5MiOiizpbjXawbHnqLvINR/+TbFV1WDFcaDhPF4YmcGoYIWF7mlb/1VrvoA54EVxoOE8SBhPJ6bioHHwRtCP1iTBovxbti8K/e4BiuMBwnjkaoCD3b8Y/pe6d17YKXkgSsBQQErjAcJ45H+R20l/6ho1m953pSlROXY95w1WGE8SBgPEsbjOVQMZn/lYrb5VYO37Z4WXFUkyGy6NEgYj6eAV7PZZzJ96mvbY7O6b92s/oABxM5cESSMR/LOHDkvl0cpdzWIE2/On0pIOHVn4AESxoOE8Xwis0mplKYUU1CiTGua18WDv5fYmSuChPFIBbyeWMoHDIZbNmseOZqfqpRaUJYVvDMXAgnj8ZRXt6RMDu7eBnHiFs7LbGJHekWQMB4kjEcqZikNLHj9z4twUfJ4vdFAHCouBBLGs50iqrBMt2wO159YmoeZt1/YGXdQhMs73/5ghf8BSBiPOXZmSTNkr85q/wznVcOpX0Ku/aVBwniQMJ4TA/K9ZQv6kSa7dTf7lWXs5wELWGE8SBiPJwhxwO50t+xrd38oT3cjEwd/2hKsMB4kjOdrE+kRxRndvxH8pN/HFWZYgxXGg4TxIGE80lrojbtRwvUHB4k6TeBYUG3Zd0kzAYG6M/AACeORCnhZsF+Q1nVnLJE19ixUMpsuDRLG87VobnCBFcaDhPEgYTxIGA8SxoOE8SBhPEgYDxLGg4TxIGE8SBgPEsbzB+CmylcEygwGAAAAAElFTkSuQmCC', NULL, '2020-01-11 18:00:21', NULL, 1),
(54, 'DNI', '70580022', 'JULIO ERNESTO POLAR ZAMORA', '', 0, 'Pasaje Arequipa - Arequipa', '25.00', '0.00', '25.00', 'B001', '70', 'e7815b79-aca7-4d67-807d-5eb754b36798', 'iVBORw0KGgoAAAANSUhEUgAAAJYAAACWCAIAAACzY+a1AAAACXBIWXMAAA7EAAAOxAGVKw4bAAAEd0lEQVR4nO2d226kQAxEM6v8/y/PPmyEkOg1vhRMSpzzGGgapmQ3uG3n9X6/v8CZP5++AZiChPYgoT1IaA8S2oOE9iChPUhoDxLag4T2IKE9SGjPd/K81+s1n2wfUt8uuP1xP8Xyj9UrN+at3vMS+W8VgxXag4T2ZB3pRmN/celYYj+Wd26Z82NiJzxB9VvFYIX2IKE9SGhPeS3cU12xVGNj4lU2XkePY5dH47FLrnterNAeJLRn5EhvYBkQieMvxz/GHjU/VvvJoQIrtAcJ7fm8I136sWp0O+/iJm+Vx+l+Qy48VmgPEtqDhPaM1kJJDGUjv6HRWAKPs0y2EeK7WnLdqokV2oOE9pQdqSpCETu0+PW9mnfT2NSdjG2f3wMrtAcJ7Xn9hvjCP/LOcDmkSnzBxnSf+iWxQnuQ0B4ktCe7FjYS449jJ4nxy1mSi9PkyqpFsXqrJOQ/CCS0p+xI85U+k9qlSWVTTPU7ZPK8eSZjsUJ7kNAezX5h7J2ue39rnF/NuZ482vJMeRAHK7QHCe1BQnvKOxXySp9GHkoVyXfLl/qJVM+LFdqDhPaM2iVI+rA0Qh6T3jHVo41uDvGQqjc+BSu0BwntuSM6Uy1+P73g8bT4IpM3w4YTjp2/PEyDFdqDhPYgoT3i3Jk9koaUkthNY6s5Hrs8GkN0Bv4LEtqjSciXtMpacvOGsARJvCkPVmgPEtpTbq8+CXPnyy2T2c3J1sKTEtHk7Z0enbzNxmCF9iChPUhojyZ3ZvJh0Ii/SLaa5WXDMdd96mCF9iChPaMwt6T+SOIVT2epTrect9rRRvUBFoMV2oOE9mi6Ak96uDQya2K0pZqTxmH3gBXag4T2IKE9oy1f+ffAhiSurw0e5Y8eT1veDFu+8AMS2jPa8j0eXZIcoqo/ipPqJ43DrvsQmoAV2oOE9mQdadLL5d/BkmOXVGMoy+liGqdJwtwNsEJ7kNAeJLTnjn810liTJsH+SVBGW/cUQ2UT/ICE9twRnUk6NHlHm8mtJlP981dOQu7ME0FCezRvpI3YTfLKy6PJ7jDJxMn82GRofpKS2QArtAcJ7UFCe0bNLI+o3vInmSbxh4Gko00jAHQ8czkvuTNPBAntGZWIbkwy9ZZXliSnTBIJG7VLN1x5CVZoDxLao+mEONmii6eQF1QmM1xiriti4o30iSChPUhoj6aZZWdiRZOzyRQxjdVOmw3ER8WDQEJ7yrkzE/bOYdLD5XiaKgie3EwO7vP0BuTZl1ihPUhoj3i/cIk8qzp5mjzckwwGNaag1v7RIKE9SGjPqAebpK9t8jW60RAhOV1+2buuGmsCVmgPEtqjaWbZYFK7NOkds3FdiZbkQ4gw94NAQns+5kg3kmHuPdVCqkn90QRVmmEMVmgPEtqDhPaM1kJt3k2jwkje7vd4mqqqWduzZg9WaA8S2nNHA68kkzqg0yHBLI00Q8nOcHwPRGceBBLa87FsblCBFdqDhPYgoT1IaA8S2oOE9iChPUhoDxLag4T2IKE9SGgPEtrzF76VxEvlsokSAAAAAElFTkSuQmCC', NULL, '2020-01-11 18:01:24', NULL, 1),
(55, 'DNI', '70580015', 'THALIA ALEJANDRA ADRIAN TEJADA', '', 0, 'Pasaje Arequipa - Juliaca', '25.00', '0.00', '25.00', 'B001', '71', '6589c5f0-c8db-42c9-9bc6-7b9d4cb22eff', 'iVBORw0KGgoAAAANSUhEUgAAAJYAAACWCAIAAACzY+a1AAAACXBIWXMAAA7EAAAOxAGVKw4bAAAEaUlEQVR4nO2d23LbMAxE407//5fTh2Y0moiFcVnK2fqcR1sklewAJAGQfnx+fn6AM79e/QIwBQntQUJ7kNAeJLQHCe1BQnuQ0B4ktAcJ7UFCe5DQnt/J5x6Px3ywc0j96PD48DzE8sN2z2ficSc9Xx+bkE8/YIX2IKE9WUd60MgvLh1L7Mfyzi3zfMzSVUpQ/a9isEJ7kNAeJLSnPBeeqc5YqrYxcdt4Hr3O0Mtv47ZL9v29WKE9SGjPyJHewDIgcnVK+bjPtcnSiS3barccKrBCe5DQntc70jgYnWybd3GTVeV1uJ9QC48V2oOE9iChPaO5UBtDySc0krsF+R4gmaZesm/WxArtQUJ7yo5U5Z3idXm8fL+z/mWSEL4nmoMV2oOE9jx+QnzhL/GasxHEaawbJcPdDFZoDxLag4T2ZOfCRmH8te1kY7AcRfJWcc+qSbE6bVOQ/0YgoT3iTUWjZE8Sqm5U1iSZnJnKM2mLFdqDhPaMVqTa1Wyeaq4xj6Rmp+FmcaRvDRLag4T2lOfCRqQj7jD5/IT8ViemmuVQnYqKwQrtQUJ7srUzSeeQXzEn4y/y2pnqt43bHOImk5zzEqzQHiS05/Vh7qf9XJ9PrmYb921p1+f73vkMVmgPEtqDhPaM5kJtgUnjZFP1PZ+OO/k2hugM/BMktEfjSGMm9/6q6vCTSLZYky0HKd93BAnt2XjvTPWY55LkY6oyw2QnjQrKyWo2Biu0BwntQUJ7ypsKeUGpvHxdftxJQnUuJFPxRiChPeIixHsSszGTY57V01iNE1XUzsB3kNCejb9TcbDvpE/SQ+ZjKNdx88WPk/D6BKzQHiS0BwntuSPlG3NDXF8+GU8qVEn5wneQ0B7x9eqqQHa1k4YTbuwBkieq9p11XYIV2oOE9mQd6SSwm2ybZ1/I+CDZRB7mboAV2oOE9iChPaOfGmlMGMG3y4zBhMkU2EgIV+FkE3yBhPZsLEKs1rSrluCSW4H3JXWTPVM780YgoT2j6Ez8bXW9mr8Va7JunBSeV8sqY1RhGqzQHiS0Bwnt0dSRNjIGccVmtW1cC7rs8EAexFn2HFe3xv+EGKzQHiS0ZxSdkUR24t5u3jZMzi5dH5OfAluCFdqDhPaIf0X0jDYoLGdS0bPvEBMr0ncECe1BQnvEN+QXBh5E/SXzd3LFP7n3N/8y1d7OYIX2IKE95ZTvhHxCeF9ytepdG+4xjs5o/e0HVvgfgIT2lPOFkqrAp982EnLJ4WL23YYTd8JZ+7cGCe1BQns23sE2qSNNVprkO0wSp3zl+wEJWKE9SGjPxp8aiakWIcZt44K+ZHV9/p2XVDdCjcjOEqzQHiS052WO9GCyblx+MrnZV4uqzDAGK7QHCe1BQnvEl1ne3EmjqD75MtcL5JaPJTtZNuHeGfgCCe3ZWJB/pVHDIimbj2mUGcovXw/GegpWaA8S2vOyam5QgRXag4T2IKE9SGgPEtqDhPYgoT1IaA8S2oOE9iChPUhoDxLa8wctmcEhXoau7AAAAABJRU5ErkJggg==', NULL, '2020-01-11 18:27:03', '{\"data\":{\"ticket\":\"1578767365470\",\"external_id\":\"e0e5e2a0-375d-4a05-b331-05be130bdb24\"},\"success\":true}', 2),
(56, 'RUC', '10306550131', 'THALIA ALEJANDRA ADRIAN TEJADA', 'EL PEDREGAL MZA. T LOTE. 07 MAJES AREQUIPA - CAYLLOMA - MAJES', 0, 'Pasaje Arequipa - Juliaca', '25.00', '0.00', '25.00', 'F001', '7', 'df4d3778-c235-4d3d-8ede-5630ac5e147c', 'iVBORw0KGgoAAAANSUhEUgAAAJYAAACWCAIAAACzY+a1AAAACXBIWXMAAA7EAAAOxAGVKw4bAAAEgElEQVR4nO2d0Y7jIAxF09X8/y93X0YRUljX2Jd0r3LO46QB2isbMDbzer/fBzjz59sDgC5IaA8S2oOE9iChPUhoDxLag4T2IKE9SGgPEtqDhPb8JD/3er36nY0h9bPBaZz92t303Xx3QRfxAArHAPLfKgYrtAcJ7ck60hOVYznbiZ8mxzA2cufTmHucMFZoDxLag4T2LM+FI7HjTs4E8aQoX/pLVvyF+VvyW03BCu1BQntajlSLKh1SGxwZW+uEbPaBFdqDhPZ835FOvZNkITp1hvECeLWL/wGs0B4ktAcJ7WnNhZJ5IjljjX2tnid0ZlnVOca+ORUrtAcJ7Vl2pJLYx9FbtSffXf3Y8cmBr45Z9VvFYIX2IKE9WUd6c5BidWUo7zf4y8h0JDf/VlihPUhoDxLa00rIT+aCxhGWzso7ufSXx1BuSOYnIf9BIKE9GzcVqz4hWeIU93Wsu+i4ZqqQWtj5IoXfGSu0BwnteXXWYJ0yz8znj0+rykLoZHUBnHez+57GYIX2IKE9SGiP5sg3OScVAjGS2S4fnel8kdW6ZdWBMFZoDxLao0nIl5d5rjqZTgFmIcIiOYjufN8RrNAeJLQnG5350IqiDiifNx0Tn1PG/XZajt1s0Fp+qFOwQnuQ0B4ktKcVndFmmnz847XfuOXCKce+FNBrv/lCgBis0B4ktGf5yHdKoaAyaOTo7QdWnaG8sqmz5WBT8USQ0B5N7syJKqFv1X/K70mUJJuPdKaVGKzQHiS0BwntWU7Il+dznk9VR6AxqwGd/Kg6kZ3Ou1ihPUhozx3RGcniPj+qfel+MdokRDYVDwIJ7WlFZ5JPO8ir6YMupu+qQvP7fkCs0B4ktAcJ7dH8zyZ5la92Y9BJuS+UCnfOcsmdeSJIaI/4enX5lZOxH5NURcXvdnzm+JTcGfgnSGhPq7Kps0rU5uzk+5KsojuB+3hUcb9TsEJ7kNAeJLSndStwTDLCEq+t4ylBHvUvZNpfnya74N4Z+AUJ7WndCtyp9Lm2XIiDSC5E2Fcrmp8FuHfm0SChPZp7ZyodK5zwvnVy/K4kez3/NAYrtAcJ7UFCezQnFZ2E/MKaPhn1L8RBkuexyaeF70vuzBNBQns2XuAlSZu/uaIqHl7HRcfvEp15NEhoz/KKtJAZHdMJecRIqqLk5aXy74sV2oOE9iChPcubiryP7hzDrjaiminjAXRmr2sRQf7dGKzQHiS0Z2MS4pXRXXQCyldUG4PV+qNCRk8yOsOm4kEgoT0bV6QnhVC1JIZSKMaU1G/uW0VPwQrtQUJ7kNAezb0zU26eEpIjia9amL5yJV+ilWyZTcWjQUJ7NP9RW4Lk3Pjju8nASrK7OGcnfoVNBfyChPZ8zZHGjiUZbi7U6e87p+wUYXUK8LFCe5DQHiS0R3yZZZ7ktZGFuaGQFJNspBON2pehihXag4T2tCqbtBTuYemsxTth7msj+VFJ9jwjWKE9SGjP1+6dARVYoT1IaA8S2oOE9iChPUhoDxLag4T2IKE9SGgPEtqDhPYgoT1/AcrStVrhXBLwAAAAAElFTkSuQmCC', NULL, '2020-01-11 18:27:37', NULL, 1),
(57, 'RUC', '10306550131', 'DELIA FLORES APAZA', 'EL PEDREGAL MZA. T LOTE. 07 MAJES AREQUIPA - CAYLLOMA - MAJES', 0, 'Pasaje Arequipa - Juliaca', '25.00', '0.00', '25.00', 'F001', '8', 'fa215deb-47aa-44ba-b8e6-a569dc3e54f8', 'iVBORw0KGgoAAAANSUhEUgAAAJYAAACWCAIAAACzY+a1AAAACXBIWXMAAA7EAAAOxAGVKw4bAAAEi0lEQVR4nO2dwXLbMAxE407//5fTS0dVa4ZZACt7tnrvaFMknR2AFAgij8/Pzw9I5se7JwBTkDAeJIwHCeNBwniQMB4kjAcJ40HCeJAwHiSMBwnj+Sm2ezwe88HOIfWjw+PD8xDLDzffLnu+jsac20N8C1YYDxLGozrSg8b5ougMv31E7GTvZsUhxJ+5b+b6W+3BCuNBwniQMJ7yWnhmspxYlqJ9++qbybKfybdftdxMpgFWGA8SxjNypC9gH38RXeU+dvOarf91YIXxIGE873ekjdDJczO9k+qu0h5/sYMVxoOE8SBhPKO1cLIS7Nek52Z6HGT/7PPyuV9H9bjPu1ZNrDAeJIyn7EhdgYmqp5rk3eyjM41QtegVXxPEwQrjQcJ4VEdq31B5d7ONIHh1CL3Zi0M2WGE8SBgPEsbz8O6P9UjHZMWyZKk0Uv33WNJWG+NihfEgYTyel4rD/JeRjsYm25Ku/9zbt8+K305+kb1nrDAeJIzHk80t7sHOzcQIy5JJVnX1nNLFxFXuwQrjQcJ4kDAec+5MY125bikSlx99etUYiutW1B6sMB4kjKcc5m6EfQ/s+S+TS0mN+P4kvP7cycRFn8EK40HCeDxJiOIhnN5h9WbTEvEksnGzaenuROdvD9NghfEgYTxIGI/6UvHngXr9FEvJAz3SsUeMklheohrjNsAK40HCeEbFLMUIyyQxXhy3kfdnCfEsZyiehLviTVhhPEgYjyc6Y8nsO1N1SstnN5/ok9H3yeKysu+5AVYYDxLGg4TxjI58LcenlsMNfVbVb10rVnUt5Mj3RiBhPKMwtzfcrI876U2sCjzxxvtx7VecsMJ4kDCe0T+/q6ZL67GM52cb01t2MnH+1bg5BbxAAgnjQcJ4RuUSqtme+ka5WgJtclSiY6kbx5Ev/AsSxnNhVeCqT5hc5Fy2tKTquFIFrwMrjAcJ4ymHuf96eFD77+AF1zyXzy4nYLl21NhzsiO9NUgYDxLGUz6paLjy/SP7laM6va+GE78VJ2AfgptNtwYJ47nwX41U737aSy00IizVi5x6WqUIuTN3BAnjGe1IRdexz52pTuBj5WT2FV5cPS8faUPdGfgNEsaDhPGYK+Q3NtmNBPVJ/mqVRgGISXSGk4o7goTxeG42XVfu6rpiChYf6LoVJd63WoIVxoOE8Yz+i2ijiGEVy9lb447/xM9PYEd6R5AwHiSMZ5RHOhp4ENmZvHKIeaQNGqfT7d7OYIXxIGE8o3IJVfTj4km0ovo+MEkGbFSR8PrbD6zwPwAJ4xmVVxexnBc2aES0LTebJiegDbDCeJAwHiSMx5M7s8RyUXb5yT6H5brITnXODTipuCNIGM/IkU7Yx1/E2I2YMqNv30UHPqkTMflpS7DCeJAwnrc50j3Vve515b0a1QOWzSaB+z1YYTxIGA8SxjNaCy3evHEueiBuwSd3iFzHLNVCDDpYYTxIGM+FVYEtiAekjWIK11XSacDNpluDhPG8LZsbXGCF8SBhPEgYDxLGg4TxIGE8SBgPEsaDhPEgYTxIGA8SxoOE8fwColvNJ8kzv0UAAAAASUVORK5CYII=', NULL, '2020-01-11 18:28:11', '{\"data\":{\"ticket\":\"1578767357444\",\"external_id\":\"892a2e20-10a0-49a0-b3cf-6f033a51dede\"},\"success\":true}', 2),
(58, 'DNI', '30655013', 'GENARA LUPE TEJADA VARGAS', '', 0, 'Pasaje Arequipa - Arequipa', '25.00', '0.00', '25.00', 'B001', '72', '8fd37648-5f8e-4e04-85a9-a933c367d89c', 'iVBORw0KGgoAAAANSUhEUgAAAJYAAACWCAIAAACzY+a1AAAACXBIWXMAAA7EAAAOxAGVKw4bAAAEiElEQVR4nO2dwY7bMAxEN0X//5e3l0Vg1CozIsdOB3nvuLYkZwekLIqiH9/f31+QzK93PwBMQcJ4kDAeJIwHCeNBwniQMB4kjAcJ40HCeJAwHiSM57d43+PxmA92DKk/O3z+8TjE8o9iz8UQeofLnpcdFuNO0LcfsMJ4kDAe1ZE+aewvLh1L7SprX3R+hqUTrqkfwLKN6vpf1WCF8SBhPEgYz/ZceGR3xnK1FVl2cv7jctkgTpD6HHzd78UK40HCeEaO9AbECEvjquhmj71Zwi52sMJ4kDCe9zvSOkItttVd3OSt8jzc/5ALjxXGg4TxIGE8o7lwMhPUc9L5Nn1D+Hy1vk3/FeI29ZLrZk2sMB4kjGfbkboiFGKUpI7OiIuKOnZTu+hJ3s090RysMB4kjEd1pPYXKsvbrCXvZtn27ZudOlhhPEgYDxLG8xAd93WJ8ZPdBstT1T03NlImTRp7IFhhPEgYz/aiog7sNnLv9eGKURqh6slVl3cVe67BCuNBwni2j4g2dsUabS0nm5bj7oZdJo53eac9doMVxoOE8SBhPHdEZ8RO7JPEJCrUyI7ZzaxpnExeghXGg4TxqI503XgQut2tO2MPkYtMquHUD6D/3hqsMB4kjMdTwKtRw8WS7teIO+++N7qiUefUctcbOFYYDxLGg4TxjGqw7UbxxUnx5VUx0mFZA0x6njyzDlYYDxLGM8qdEZs8mZw/umfJUT+VeFUcV6+GU4MVxoOE8XjqzjRSBSdh7uK2Bpbk65dXd6cVHawwHiSMBwnjGeXOeLdPXUn1121iT5gssWqwwniQMB5PEqIl99D1Cu5NZpxUpWnEX8id+USQMB5PmFuMoSybLG+zHKQSm+h1EncjSveAFcaDhPEgYTyjPNLdtcTytK0l7tOgsTE72T/ZPWKggxXGg4TxjBYVu8ntes/FbUcm7r2xBtg9XnoPWGE8SBiP5zsVk9yZ5dWa2qFZjg7tzgJfpnhTA6wwHiSMBwnjGUVnJvOZOITYRI8TiVsf4mphkg1E3Rn4AQnj2a47Y4l3v2zb8EW7Pddct6lL3Rn4GySMZ1QV2OuU7nl/232r/NedxZNYDp/qYIXxIGE8SBjPhad8J1XWLJkm1+3HNrapz3dSdwZ+QMJ43vbNJvHlvr5qydvX24oFKS3TCtGZDwIJ4zF/p+KI6O4s75yNd13x/roT+yEm3kg/ESSMBwnjGX1qZDSwo8hZ3XNjLTFJ15/sTu/2dgQrjAcJ47lwUXFmUqLL4hVfjjXJJPKG5nGkHwQSxjP6ToXIDeEP/cX17Kl0dzeJqtedcNb+o0HCeJAwnlHuzJ3VeSenk1yVZbzxFxdYYTxIGI8nCbFBowbWue3uWMueG3VnluxmJtY/jejMB4GE8bzNkZ6Z7MzpdWca+YNtXGmGNVhhPEgYDxLG46nBNmESpLdsLBwRlxyN4jW7BxB0sMJ4kDCebUd6cwp6I+Xe4pmXTALou+MSnfkgkDCet2VzgwusMB4kjAcJ40HCeJAwHiSMBwnjQcJ4kDAeJIwHCeNBwniQMJ4/DFvlP9BqnR0AAAAASUVORK5CYII=', NULL, '2020-01-11 18:38:06', NULL, 1),
(59, 'RUC', '10306550131', 'TEJADA VARGAS GENARA LUPE', 'EL PEDREGAL MZA. T LOTE. 07 MAJES AREQUIPA - CAYLLOMA - MAJES', 0, 'Pasaje Arequipa - Arequipa', '25.00', '0.00', '25.00', 'F001', '9', 'aefa1bbb-c167-4b81-b3d6-943bd0afc788', 'iVBORw0KGgoAAAANSUhEUgAAAJYAAACWCAIAAACzY+a1AAAACXBIWXMAAA7EAAAOxAGVKw4bAAAEkUlEQVR4nO2d247bMAxEk6L//8vblyLrwlpmKI4TTHPOoy+SggEpmaKY+9fX1w2S+fXuAcAUJIwHCeNBwniQMB4kjAcJ40HCeJAwHiSMBwnjQcJ4fovP3e/3eWfHkPqjwcfFYxfLi8XdZbB+edf7Q/Qxb3fxFKwwHiSMR3WkDzb2F0Vn+PQVsZF6hKK7E3+m2JfOhhPGCuNBwniQMJ72XHhkMp1YpqL6+XqmFOfRyd2fniyGugFWGA8SxjNypC+gjrCIQZy6wdcs/a8DK4wHCeN5vyOt3V2NGOYWG1m2Y4+/2MEK40HCeJAwntFcOJkJ6kjH+TE9DtJ9V98unozqulkTK4wHCeNpO1JXYKLrqSZ5Nxvvboy5eP5SsMJ4kDAe1ZHaF1Te1WydZrjh0Ca5My8O2WCF8SBhPEgYz927Pt5IjN/IYxcjO+Kolk92vx+eviKOcKNfrDAeJIxHdaTfL5iS8sSWJ98DLziNdWTDB1rexQrjQcJ4RkdEa091vqvvqHVXmHoS4pnJuzoTV1mDFcaDhPEgYTyjU76TkM25keNjlpNN4iSnn0jqxlCu+wA7ghXGg4TxtLd8N0IeYph74916qN4wzbKLJfUHmDc954YV/gcgYTzt6MxkReo6mV50cev7Ileut5j8aA/TYIXxIGE8SBjPKCG/W1SybtB+hmjyLSGOavnK8ooYnWHL9xNBwnjeFuburq0nG8LLfsXnxUZu/Wll8iF0BCuMBwnj8axIl3ctLYsepnaz+jpZPBW1XPR2D5+6gu9YYTxIGA8SxnNhQn7x2JB6tvMmxrtmLMtprCVYYTxIGE/bkf7zcvPYo453Cb4RHrIfYiJ3Bn4ECeMZ5c7U7m4SregGZTZWwht+vuvMKeAFEkgYDxLGY66Qb8+dmYzBUj9/2fISb3lOHawwHiSMZ1TMUtxcFZfvk8T4GlfxmhdXqRTBCuNBwnjMK9KNIlz2XT1xN3Hjbs11a84arDAeJIwHCeN5ae6Mnilq2eDd2L6wVNKpW7Z/rmCF8SBhPKMt3/PdI7VDE9P9Jh5mI+2lW2Zr4yOqhtyZTwQJ4zH/+V0dj5i4HVfcp+sqXXuNykj2wArjQcJ4kDCe9n82bZQt8B41Wl7UZ0rLZ4N4t4boDPwFCeMZhbkfuI7/dLvrHhdavrtsWRyV61TUZKsZK4wHCeMx/4voEdFlTTJNJkc1l3TjPvazS2RzfyJIGA8SxjMqlzDquP898MA7f9tzdiaDEVs7ghXGg4TxjP4Itsuy1MIkWtFNhFm+6wpVe0elgxXGg4TxjMqri0wyXCaHQF9TmUvst+5iMk9hhfEgYTxIGM/olK/l+O4kj7TuV6/OULzr2gMRYafiE0HCeMzlEnQmiYTecgnLlpdXLKXBuj/tKVhhPEgYz9sc6ZmNPPHiiqtfPVR9XUWbGqwwHiSMBwnjGc2F1+XdWBLjz48tu9iopCOO87pTUUewwniQMB5zuYQJk/Je+qgsnx/2EjmcbPpokDCet2VzgwusMB4kjAcJ40HCeJAwHiSMBwnjQcJ4kDAeJIwHCeNBwniQMJ4/2YHHJ6/F3qIAAAAASUVORK5CYII=', NULL, '2020-01-11 18:38:28', NULL, 1);

-- --------------------------------------------------------

--
-- Estructura de tabla para la tabla `tb_comprobantes_emitidos`
--

CREATE TABLE `tb_comprobantes_emitidos` (
  `nserie1` varchar(10) NOT NULL,
  `nserie2` varchar(10) NOT NULL,
  `idempresa` int(11) DEFAULT NULL,
  `idorigen` int(11) DEFAULT NULL,
  `iddestino` int(11) DEFAULT NULL,
  `descripcion` varchar(200) DEFAULT NULL,
  `importe` float DEFAULT NULL,
  `fecha` date DEFAULT NULL,
  `comprobante` int(11) DEFAULT NULL
) ENGINE=InnoDB DEFAULT CHARSET=latin1;

--
-- Volcado de datos para la tabla `tb_comprobantes_emitidos`
--

INSERT INTO `tb_comprobantes_emitidos` (`nserie1`, `nserie2`, `idempresa`, `idorigen`, `iddestino`, `descripcion`, `importe`, `fecha`, `comprobante`) VALUES
('45', '454', 2, 1, 1, 'wewer', 25, '2019-12-28', 1);

-- --------------------------------------------------------

--
-- Estructura de tabla para la tabla `tb_conductor`
--

CREATE TABLE `tb_conductor` (
  `dniconductor` int(11) NOT NULL,
  `licencia` varchar(30) DEFAULT NULL,
  `conductor` varchar(50) DEFAULT NULL
) ENGINE=InnoDB DEFAULT CHARSET=latin1;

--
-- Volcado de datos para la tabla `tb_conductor`
--

INSERT INTO `tb_conductor` (`dniconductor`, `licencia`, `conductor`) VALUES
(76782001, 'F76782001', 'Conductor1'),
(76782002, 'F76782002', 'Conductor2'),
(76782003, 'F76782003', 'Conductor3'),
(76782004, 'F76782004', 'Conductor4'),
(76782005, 'F76782005', 'Conductor5'),
(76782006, 'F76782006', 'Conductor6');

-- --------------------------------------------------------

--
-- Estructura de tabla para la tabla `tb_configuracion_inicial`
--

CREATE TABLE `tb_configuracion_inicial` (
  `estado` int(11) NOT NULL,
  `idsede` int(11) DEFAULT NULL,
  `nserie` varchar(3) DEFAULT NULL,
  `nviajeinicial` int(11) DEFAULT NULL,
  `nboletoinicial` int(11) DEFAULT NULL
) ENGINE=InnoDB DEFAULT CHARSET=latin1;

--
-- Volcado de datos para la tabla `tb_configuracion_inicial`
--

INSERT INTO `tb_configuracion_inicial` (`estado`, `idsede`, `nserie`, `nviajeinicial`, `nboletoinicial`) VALUES
(1, 1, '111', 1, 1);

-- --------------------------------------------------------

--
-- Estructura de tabla para la tabla `tb_detalle_comprobante`
--

CREATE TABLE `tb_detalle_comprobante` (
  `id_detalle` int(11) NOT NULL,
  `id_comprobante` int(11) NOT NULL,
  `servicio` varchar(150) NOT NULL,
  `precio_unitario` decimal(11,2) NOT NULL,
  `cantidad` int(11) NOT NULL,
  `precio_total` decimal(11,2) NOT NULL
) ENGINE=InnoDB DEFAULT CHARSET=latin1;

--
-- Volcado de datos para la tabla `tb_detalle_comprobante`
--

INSERT INTO `tb_detalle_comprobante` (`id_detalle`, `id_comprobante`, `servicio`, `precio_unitario`, `cantidad`, `precio_total`) VALUES
(5, 11, '', '1.00', 1, '1.00'),
(6, 11, '', '1.00', 2, '2.00'),
(7, 12, '', '1.00', 1, '1.00'),
(8, 12, '', '1.00', 1, '1.00'),
(9, 13, '', '12.00', 1, '12.00'),
(10, 13, '', '2.00', 1, '2.00'),
(11, 14, '', '12.00', 1, '12.00'),
(12, 14, '', '22.00', 1, '22.00'),
(13, 15, 'ads', '23.00', 1, '23.00'),
(14, 16, 'sdsfsfdfsd', '23.00', 1, '23.00'),
(15, 17, 'asddas', '23.00', 1, '23.00'),
(16, 18, 'encomienda caja', '30.00', 1, '30.00'),
(17, 19, 'caja', '23.00', 2, '46.00'),
(18, 20, 'paquete negro', '30.00', 1, '30.00'),
(19, 21, 'caja engra', '21.00', 1, '21.00'),
(20, 22, 'caja negra', '30.00', 1, '30.00'),
(21, 23, 'caja negra', '23.00', 1, '23.00'),
(22, 24, 'caja negra', '23.00', 1, '23.00'),
(23, 25, 'caja negra', '23.00', 1, '23.00'),
(24, 26, 'caja negra', '23.00', 1, '23.00'),
(25, 27, 'caja negra', '23.00', 1, '23.00'),
(26, 28, 'encomienda', '12.00', 1, '12.00'),
(27, 29, 'sasa', '12.00', 1, '12.00'),
(28, 30, 'aaa', '12.00', 1, '12.00'),
(29, 31, 'aa', '3.00', 2, '6.00'),
(30, 31, 'a', '22.00', 1, '22.00'),
(31, 32, '22', '11.00', 1, '11.00'),
(32, 33, 'ee', '22.00', 2, '44.00'),
(33, 34, 'www', '3.00', 2, '6.00'),
(34, 35, 'asd', '3.00', 1, '3.00'),
(35, 36, '13223', '2.00', 1, '2.00'),
(36, 36, '3', '2.00', 1, '2.00'),
(37, 37, '3', '3.00', 1, '3.00'),
(38, 38, '', '22.00', 1, '22.00'),
(39, 39, '22', '12.00', 1, '12.00'),
(40, 39, '22', '12.00', 1, '12.00'),
(41, 40, '77', '1.00', 1, '1.00'),
(42, 41, '', '12.00', 1, '12.00'),
(43, 42, 'Sin Detalle', '3.00', 1, '3.00'),
(44, 43, 'asdas', '33.00', 1, '33.00'),
(45, 43, 'asdasd', '3.00', 1, '3.00'),
(46, 44, 'detalle1', '12.00', 1, '12.00'),
(47, 44, 'detalle2', '22.00', 2, '44.00'),
(48, 44, 'Boleto de Viaje', '25.00', 1, '25.00'),
(49, 45, 'asd', '33.00', 1, '33.00'),
(50, 46, 'Boleto de Viaje', '25.00', 1, '25.00'),
(51, 47, 'Boleto de Viaje', '25.00', 1, '25.00'),
(52, 48, 'Boleto de Viaje', '25.00', 1, '25.00'),
(53, 49, 'Boleto de Viaje', '25.00', 1, '25.00'),
(54, 50, 'Boleto de Viaje', '25.00', 1, '25.00'),
(55, 51, 'Boleto de Viaje', '25.00', 1, '25.00'),
(56, 52, 'Boleto de Viaje', '25.00', 1, '25.00'),
(57, 53, 'Boleto de Viaje', '25.00', 1, '25.00'),
(58, 54, 'Boleto de Viaje', '25.00', 1, '25.00'),
(59, 55, 'Boleto de Viaje', '25.00', 1, '25.00'),
(60, 56, 'Boleto de Viaje', '25.00', 1, '25.00'),
(61, 57, 'Boleto de Viaje', '25.00', 1, '25.00'),
(62, 58, 'Boleto de Viaje', '25.00', 1, '25.00'),
(63, 59, 'Boleto de Viaje', '25.00', 1, '25.00');

-- --------------------------------------------------------

--
-- Estructura de tabla para la tabla `tb_detalle_viaje`
--

CREATE TABLE `tb_detalle_viaje` (
  `nviaje` int(11) NOT NULL,
  `nboleto` int(11) NOT NULL,
  `dnipasajero` int(11) DEFAULT NULL,
  `asiento` int(11) DEFAULT NULL,
  `edad` int(11) DEFAULT NULL,
  `prepasaje` float DEFAULT NULL,
  `contratante` int(11) DEFAULT NULL,
  `estado` int(11) NOT NULL DEFAULT 1,
  `fechaventa` timestamp NOT NULL DEFAULT current_timestamp(),
  `id_comprobante` int(11) DEFAULT NULL
) ENGINE=InnoDB DEFAULT CHARSET=latin1;

--
-- Volcado de datos para la tabla `tb_detalle_viaje`
--

INSERT INTO `tb_detalle_viaje` (`nviaje`, `nboleto`, `dnipasajero`, `asiento`, `edad`, `prepasaje`, `contratante`, `estado`, `fechaventa`, `id_comprobante`) VALUES
(2, 1, 73044100, 13, 0, 25, 0, 1, '2020-01-02 04:34:00', NULL),
(2, 2, 73044102, 10, 17, 25, 0, 1, '2020-01-02 04:34:00', NULL),
(2, 3, 73044100, 16, 0, 25, 0, 1, '2020-01-02 04:34:00', NULL),
(3, 4, 10551866, 9, 0, 25, 0, 1, '2020-01-02 04:34:00', NULL),
(4, 5, 73044100, 6, 0, 25, 0, 1, '2020-01-02 04:34:00', NULL),
(6, 6, 73044100, 9, 0, 25, 0, 1, '2020-01-02 04:34:00', NULL),
(6, 7, 73044100, 12, 0, 25, 0, 1, '2020-01-02 04:34:00', NULL),
(6, 8, 73044100, 15, 0, 25, 0, 1, '2020-01-02 04:34:00', NULL),
(6, 9, 73044100, 19, 0, 25, 0, 1, '2020-01-02 04:34:00', NULL),
(6, 10, 73044100, 18, 0, 25, 0, 1, '2020-01-02 04:34:00', NULL),
(6, 11, 73044100, 17, 0, 25, 0, 1, '2020-01-02 04:34:00', NULL),
(6, 12, 73044100, 16, 0, 25, 0, 1, '2020-01-02 04:34:00', NULL),
(6, 13, 73044100, 14, 0, 25, 0, 1, '2020-01-02 04:34:00', NULL),
(6, 14, 73044100, 11, 0, 25, 0, 1, '2020-01-02 04:34:00', NULL),
(6, 15, 73044100, 6, 0, 25, 0, 1, '2020-01-02 04:34:00', NULL),
(6, 16, 73044115, 3, 0, 25, 0, 1, '2020-01-02 04:34:00', NULL),
(6, 17, 73044100, 8, 0, 25, 0, 1, '2020-01-02 04:34:00', NULL),
(6, 18, 73044100, 2, 0, 25, 0, 1, '2020-01-02 04:34:00', NULL),
(6, 19, 73044100, 5, 0, 25, 0, 1, '2020-01-02 04:34:00', NULL),
(6, 20, 73044100, 20, 0, 25, 0, 1, '2020-01-02 04:34:00', NULL),
(6, 21, 73044100, 1, 0, 25, 0, 1, '2020-01-02 04:34:00', NULL),
(6, 22, 73044100, 4, 0, 25, 0, 1, '2020-01-02 04:34:00', NULL),
(6, 23, 73044100, 7, 0, 25, 0, 1, '2020-01-02 04:34:00', NULL),
(6, 24, 73044100, 10, 0, 25, 0, 1, '2020-01-02 04:34:00', NULL),
(7, 25, 73044100, 20, 0, 25, 0, 1, '2020-01-02 04:34:00', NULL),
(7, 26, 73044000, 5, 0, 25, 0, 1, '2020-01-02 04:34:00', NULL),
(7, 27, 73044100, 9, 0, 25, 0, 1, '2020-01-02 04:34:00', NULL),
(7, 28, 73044100, 12, 0, 25, 0, 1, '2020-01-02 04:34:00', NULL),
(7, 29, 73044100, 6, 0, 25, 0, 1, '2020-01-02 04:34:00', NULL),
(7, 30, 73044100, 3, 0, 25, 0, 1, '2020-01-02 04:34:00', NULL),
(7, 31, 73044100, 15, 0, 25, 0, 1, '2020-01-02 04:34:00', NULL),
(7, 32, 73044100, 19, 0, 25, 0, 1, '2020-01-02 04:34:00', NULL),
(7, 33, 73044100, 2, 0, 25, 0, 1, '2020-01-02 04:34:00', NULL),
(7, 34, 73044100, 8, 0, 25, 0, 1, '2020-01-02 04:34:00', NULL),
(7, 35, 73044100, 11, 0, 25, 0, 1, '2020-01-02 04:34:00', NULL),
(7, 36, 73044100, 18, 0, 25, 0, 1, '2020-01-02 04:34:00', NULL),
(7, 37, 73044100, 14, 0, 25, 0, 1, '2020-01-02 04:34:00', NULL),
(7, 38, 73044100, 17, 0, 25, 0, 1, '2020-01-02 04:34:00', NULL),
(8, 39, 73044100, 16, 0, 25, 0, 1, '2020-01-02 04:34:00', NULL),
(8, 40, 73044100, 13, 0, 25, 0, 1, '2020-01-02 04:34:00', NULL),
(8, 41, 73044100, 10, 0, 25, 0, 1, '2020-01-02 04:34:00', NULL),
(8, 42, 73044100, 7, 0, 25, 0, 1, '2020-01-02 04:34:00', NULL),
(8, 43, 73044100, 4, 0, 25, 0, 1, '2020-01-02 04:34:00', NULL),
(8, 44, 73044100, 1, 0, 25, 0, 1, '2020-01-02 04:34:00', NULL),
(9, 47, 73044100, 28, 0, 20, 0, 1, '2020-01-02 04:34:00', NULL),
(9, 48, 73044100, 20, 0, 20, 0, 1, '2020-01-02 04:34:00', NULL),
(9, 49, 73044100, 36, 0, 20, 0, 1, '2020-01-02 04:34:00', NULL),
(9, 50, 73044100, 24, 0, 20, 0, 1, '2020-01-02 04:40:09', NULL),
(9, 51, 73044100, 32, 0, 20, 0, 1, '2020-01-02 04:40:41', NULL),
(9, 53, 73044100, 40, 0, 20, 0, 1, '2020-01-02 04:50:43', NULL),
(9, 54, 73044100, 12, 0, 20, 0, 1, '2020-01-02 04:53:38', NULL),
(9, 55, 73044100, 19, 0, 20, 0, 1, '2020-01-02 05:00:22', NULL),
(9, 56, 73044100, 23, 0, 20, 0, 1, '2020-01-02 05:03:01', NULL),
(9, 57, 73044100, 27, 0, 20, 0, 1, '2020-01-02 05:06:00', NULL),
(9, 58, 73044100, 31, 0, 20, 0, 1, '2020-01-02 05:08:28', NULL),
(9, 59, 73044100, 15, 24, 20, 0, 1, '2020-01-02 14:39:48', NULL),
(9, 60, 73044100, 16, 0, 20, 0, 1, '2020-01-02 17:26:33', NULL),
(11, 65, 70580015, 24, 0, 25, 0, 1, '2020-01-09 21:33:54', 47),
(11, 67, 70580023, 28, 0, 25, 0, 1, '2020-01-09 21:37:24', NULL),
(11, 68, 70580033, 36, 0, 25, 0, 1, '2020-01-09 21:38:12', NULL),
(11, 69, 70580015, 1, 0, 25, 0, 1, '2020-01-09 21:44:47', NULL),
(11, 70, 70580023, 2, 0, 25, 0, 1, '2020-01-09 21:45:01', NULL),
(11, 71, 70580014, 5, 0, 25, 0, 1, '2020-01-09 21:45:45', 48),
(11, 74, 70580022, 10, 0, 25, 0, 1, '2020-01-09 22:08:30', NULL),
(11, 75, 70580014, 3, 0, 25, 0, 1, '2020-01-10 21:43:31', NULL),
(11, 76, 70580015, 7, 0, 25, 0, 1, '2020-01-10 21:44:41', NULL),
(11, 77, 70580022, 6, 0, 25, 0, 1, '2020-01-10 22:01:13', 52),
(11, 78, 70580012, 4, 0, 25, 0, 1, '2020-01-10 22:42:14', NULL),
(11, 79, 70580015, 8, 0, 25, 0, 1, '2020-01-11 18:00:16', 53),
(11, 80, 70580022, 11, 0, 25, 0, 1, '2020-01-11 18:01:22', 54),
(11, 81, 30655013, 12, 0, 25, 0, 1, '2020-01-11 18:38:02', 58),
(11, 85, 70580015, 15, 0, 25, 0, 1, '2020-01-11 18:38:27', 59),
(13, 84, 70580015, 5, 0, 25, 0, 1, '2020-01-11 18:27:31', 56);

-- --------------------------------------------------------

--
-- Estructura de tabla para la tabla `tb_detalle_viaje_otros`
--

CREATE TABLE `tb_detalle_viaje_otros` (
  `nviaje` int(11) NOT NULL,
  `standar` int(11) DEFAULT NULL,
  `escalacom` int(11) DEFAULT NULL,
  `ciudaddesde` varchar(50) DEFAULT NULL,
  `ciudadhasta` varchar(50) DEFAULT NULL,
  `puntoencuentro` varchar(60) DEFAULT NULL,
  `escalas` varchar(150) DEFAULT NULL,
  `dniconductor1` int(11) DEFAULT NULL,
  `horainicio1` varchar(5) DEFAULT NULL,
  `horainicio2` varchar(5) DEFAULT NULL,
  `dniconductor2` int(11) DEFAULT NULL,
  `horafin1` varchar(5) DEFAULT NULL,
  `horafin2` varchar(5) DEFAULT NULL,
  `modalidad` int(11) DEFAULT NULL,
  `totalmodif` float DEFAULT NULL,
  `usuario` varchar(50) DEFAULT NULL
) ENGINE=InnoDB DEFAULT CHARSET=latin1;

--
-- Volcado de datos para la tabla `tb_detalle_viaje_otros`
--

INSERT INTO `tb_detalle_viaje_otros` (`nviaje`, `standar`, `escalacom`, `ciudaddesde`, `ciudadhasta`, `puntoencuentro`, `escalas`, `dniconductor1`, `horainicio1`, `horainicio2`, `dniconductor2`, `horafin1`, `horafin2`, `modalidad`, `totalmodif`, `usuario`) VALUES
(1, 1, 0, NULL, NULL, NULL, NULL, 76782006, '00:00', NULL, 0, NULL, '00:00', 0, -1, 'ADMINISTRADOR'),
(2, 1, 0, 'Arequipa', 'Juliaca', 'Terminal de Arequipa', 'Sin escalas ni paradas.', 76782003, '02:10', '01:15', 76782002, '01:15', '1:15', 1, 50, 'ADMINISTRADOR'),
(3, 1, 0, NULL, NULL, NULL, NULL, 76782002, '03:15', NULL, 0, NULL, '00:00', 0, -1, '');

-- --------------------------------------------------------

--
-- Estructura de tabla para la tabla `tb_empresa`
--

CREATE TABLE `tb_empresa` (
  `idempresa` int(11) NOT NULL,
  `ruc` varchar(11) DEFAULT NULL,
  `empresa` varchar(60) DEFAULT NULL,
  `direccion` varchar(250) DEFAULT NULL,
  `ubigeo` varchar(10) DEFAULT NULL,
  `telefono` varchar(200) DEFAULT NULL,
  `email` varchar(200) DEFAULT NULL,
  `serie_boletas` varchar(10) DEFAULT NULL,
  `serie_facturas` varchar(10) DEFAULT NULL,
  `url_api` varchar(100) DEFAULT NULL,
  `token_api` varchar(50) DEFAULT NULL
) ENGINE=InnoDB DEFAULT CHARSET=latin1;

--
-- Volcado de datos para la tabla `tb_empresa`
--

INSERT INTO `tb_empresa` (`idempresa`, `ruc`, `empresa`, `direccion`, `ubigeo`, `telefono`, `email`, `serie_boletas`, `serie_facturas`, `url_api`, `token_api`) VALUES
(1, '20406468677', 'Alex EIRL.', 'AV. JAVIER PEREZ DE CUELLAR NRO. 223 AREQUIPA - AREQUIPA - JACOBO HUNTER', NULL, NULL, NULL, 'B001', 'F001', 'https://bytesoluciones.info/', 'ePunyOYoAXNxic6fPl7njh1MNFPVjrS61AlV2wfgkuf9969SHm'),
(2, '20601642444', 'Byte Soluciones SAC', NULL, NULL, NULL, NULL, 'B002', 'F002', 'https://bytesoluciones.info/', 'ePunyOYoAXNxic6fPl7njh1MNFPVjrS61AlV2wfgkuf9969SHm');

-- --------------------------------------------------------

--
-- Estructura de tabla para la tabla `tb_gastos`
--

CREATE TABLE `tb_gastos` (
  `idgasto` int(11) NOT NULL,
  `nserie1` varchar(10) DEFAULT NULL,
  `nserie2` varchar(10) DEFAULT NULL,
  `idempresa` int(11) DEFAULT NULL,
  `idorigen` int(11) DEFAULT NULL,
  `iddestino` int(11) DEFAULT NULL,
  `descripcion` varchar(200) DEFAULT NULL,
  `monto` float DEFAULT NULL,
  `fecha` date DEFAULT NULL
) ENGINE=InnoDB DEFAULT CHARSET=latin1;

-- --------------------------------------------------------

--
-- Estructura de tabla para la tabla `tb_modelo_vehiculo`
--

CREATE TABLE `tb_modelo_vehiculo` (
  `idmodelo` int(11) NOT NULL,
  `modelo` varchar(50) DEFAULT NULL,
  `casientos` int(11) DEFAULT NULL
) ENGINE=InnoDB DEFAULT CHARSET=latin1;

--
-- Volcado de datos para la tabla `tb_modelo_vehiculo`
--

INSERT INTO `tb_modelo_vehiculo` (`idmodelo`, `modelo`, `casientos`) VALUES
(1, 'Mercedes Sprinter 413 19+1', 20),
(2, 'Mercedes Sprinter 515 19+1', 20),
(3, 'Mercedes Sprinter 515 20+1', 21),
(4, 'Renault Master 2012 15', 15),
(5, 'Renault Master Moderna 15', 15),
(6, 'Wolkswagen Crafter 20+1', 21);

-- --------------------------------------------------------

--
-- Estructura de tabla para la tabla `tb_pasajero`
--

CREATE TABLE `tb_pasajero` (
  `dnipasajero` int(11) NOT NULL,
  `ruc` varchar(11) DEFAULT NULL,
  `fnacimiento` date DEFAULT NULL,
  `nombre` varchar(50) DEFAULT NULL,
  `razsocial` varchar(80) DEFAULT NULL,
  `nacionalidad` varchar(50) DEFAULT NULL,
  `direccion` varchar(80) DEFAULT NULL,
  `telefono` varchar(10) DEFAULT NULL
) ENGINE=InnoDB DEFAULT CHARSET=latin1;

--
-- Volcado de datos para la tabla `tb_pasajero`
--

INSERT INTO `tb_pasajero` (`dnipasajero`, `ruc`, `fnacimiento`, `nombre`, `razsocial`, `nacionalidad`, `direccion`, `telefono`) VALUES
(10551866, '', '2019-01-01', 'ROSA ESTHER TEJADA GANDARILLAS DE VELA', NULL, 'Perú', '', ''),
(30655013, '', '2020-01-01', 'GENARA LUPE TEJADA VARGAS', NULL, 'Perú', '', NULL),
(30655043, '', '2020-01-01', 'MANDY YENY YANQUE CHURO', NULL, 'Perú', '', NULL),
(70445321, '', '2020-01-01', 'RODRIGO GASTELUMENDI ESPINOSA', NULL, 'Perú', '', NULL),
(70580012, '', '2020-01-01', 'CRISTHIAN CARLOS PANIURA APAZA', NULL, 'Perú', '', NULL),
(70580014, '', '2020-01-01', 'YULISA ELIZABETH HUARACHE MENDOZA', NULL, 'Perú', '', NULL),
(70580015, '10306550131', '2020-01-01', 'THALIA ALEJANDRA ADRIAN TEJADA', 'TEJADA VARGAS GENARA LUPE', 'Perú', 'EL PEDREGAL MZA. T LOTE. 07 MAJES AREQUIPA - CAYLLOMA - MAJES', NULL),
(70580022, '', '2020-01-01', 'JULIO ERNESTO POLAR ZAMORA', NULL, 'Perú', '', NULL),
(70580023, '', '2020-01-01', 'MELISSA YANELA ESCOBEDO NUÑEZ', NULL, 'Perú', '', NULL),
(70580033, '', '2020-01-01', 'FERNANDA MILAGROS ROJAS HUANCA', NULL, 'Perú', '', NULL),
(70583221, '10306550131', '2020-01-01', 'DELIA FLORES APAZA', 'TEJADA VARGAS GENARA LUPE', 'Perú', 'EL PEDREGAL MZA. T LOTE. 07 MAJES AREQUIPA - CAYLLOMA - MAJES', NULL),
(73044000, '', '2019-01-01', 'MARCOS ADRIAN AGURTO YLLESCAS', NULL, 'Perú', '', ''),
(73044100, '', '2020-01-01', 'FABRICIO ANDRE VELA TEJADA', NULL, 'Perú', '', ''),
(73044102, '', '2002-02-02', 'carlos vera', NULL, 'Perú', '', ''),
(73044115, '', '2019-01-01', 'fgfdsfgdsf', NULL, 'Perú', '', '');

-- --------------------------------------------------------

--
-- Estructura de tabla para la tabla `tb_pasajeros_temporal`
--

CREATE TABLE `tb_pasajeros_temporal` (
  `asiento` int(11) NOT NULL,
  `estado` int(11) DEFAULT NULL,
  `nboleto` int(11) DEFAULT NULL,
  `dnipasajero` int(11) DEFAULT NULL,
  `edad` int(11) DEFAULT NULL,
  `prepasaje` float DEFAULT NULL,
  `contratante` int(11) DEFAULT NULL
) ENGINE=InnoDB DEFAULT CHARSET=latin1;

--
-- Volcado de datos para la tabla `tb_pasajeros_temporal`
--

INSERT INTO `tb_pasajeros_temporal` (`asiento`, `estado`, `nboleto`, `dnipasajero`, `edad`, `prepasaje`, `contratante`) VALUES
(20, 1, 45, 73044100, 0, 25, 0),
(39, 1, 46, 73044100, 0, 25, 0);

-- --------------------------------------------------------

--
-- Estructura de tabla para la tabla `tb_sedes`
--

CREATE TABLE `tb_sedes` (
  `idsede` int(11) NOT NULL,
  `sede` varchar(50) DEFAULT NULL
) ENGINE=InnoDB DEFAULT CHARSET=latin1;

--
-- Volcado de datos para la tabla `tb_sedes`
--

INSERT INTO `tb_sedes` (`idsede`, `sede`) VALUES
(1, 'Arequipa'),
(2, 'Juliaca'),
(3, 'Espinar'),
(4, 'Sicuani');

-- --------------------------------------------------------

--
-- Estructura de tabla para la tabla `tb_servicios`
--

CREATE TABLE `tb_servicios` (
  `id_servicio` int(11) NOT NULL,
  `detalle` varchar(50) NOT NULL
) ENGINE=InnoDB DEFAULT CHARSET=latin1;

-- --------------------------------------------------------

--
-- Estructura de tabla para la tabla `tb_socio`
--

CREATE TABLE `tb_socio` (
  `codsocio` int(11) NOT NULL,
  `idempresa` int(11) DEFAULT NULL,
  `dnisocio` int(11) NOT NULL,
  `nombresocio` varchar(70) DEFAULT NULL,
  `dniconductor` int(11) DEFAULT NULL,
  `placa` varchar(7) DEFAULT NULL
) ENGINE=InnoDB DEFAULT CHARSET=latin1;

--
-- Volcado de datos para la tabla `tb_socio`
--

INSERT INTO `tb_socio` (`codsocio`, `idempresa`, `dnisocio`, `nombresocio`, `dniconductor`, `placa`) VALUES
(1001, 1, 76781001, 'Socio1', 76782001, 'AAA-111'),
(1002, 2, 76781002, 'Socio2', 76782002, 'BBB-222'),
(1003, 1, 76781003, 'Socio3', 76782003, 'CCC-333'),
(1004, 2, 76781004, 'Socio4', 76782004, 'DDD-444'),
(1005, 1, 76781005, 'Socio5', 76782005, 'EEE-555'),
(1006, 2, 76781006, 'Socio6', 76782006, 'FFF-666');

-- --------------------------------------------------------

--
-- Estructura de tabla para la tabla `tb_usuario`
--

CREATE TABLE `tb_usuario` (
  `usuario` varchar(20) NOT NULL,
  `pass` varchar(20) DEFAULT NULL,
  `nombre` varchar(50) DEFAULT NULL,
  `tipo` int(11) DEFAULT NULL
) ENGINE=InnoDB DEFAULT CHARSET=latin1;

--
-- Volcado de datos para la tabla `tb_usuario`
--

INSERT INTO `tb_usuario` (`usuario`, `pass`, `nombre`, `tipo`) VALUES
('admin', 'admin', 'ADMINISTRADOR', 0),
('alex', 'Aa123', 'Alexander Gamarra', 1),
('bxb', 'stand207', 'BYTE X BYTE', 2);

-- --------------------------------------------------------

--
-- Estructura de tabla para la tabla `tb_vehiculo`
--

CREATE TABLE `tb_vehiculo` (
  `placa` varchar(7) NOT NULL,
  `idmodelo` int(11) DEFAULT NULL,
  `detalle` varchar(100) DEFAULT NULL,
  `mtc` varchar(20) DEFAULT NULL,
  `estado` int(11) DEFAULT NULL
) ENGINE=InnoDB DEFAULT CHARSET=latin1;

--
-- Volcado de datos para la tabla `tb_vehiculo`
--

INSERT INTO `tb_vehiculo` (`placa`, `idmodelo`, `detalle`, `mtc`, `estado`) VALUES
('AAA-111', 1, 'Detalle1', 'MTC1', 0),
('BBB-222', 2, 'Detalle2', 'MTC2', 0),
('CCC-333', 3, 'Detalle3', 'MTC3', 0),
('DDD-444', 4, 'Detalle4', 'MTC4', 0),
('EEE-555', 5, 'Detalle5', 'MTC5', 0),
('FFF-666', 6, 'Detalle6', 'MTC6', 0);

-- --------------------------------------------------------

--
-- Estructura de tabla para la tabla `tb_venta_temporal`
--

CREATE TABLE `tb_venta_temporal` (
  `id` int(11) NOT NULL,
  `estado` int(11) DEFAULT NULL,
  `codsocio` int(11) DEFAULT NULL,
  `empresa` int(11) DEFAULT NULL,
  `dniconductor` int(11) DEFAULT NULL,
  `placa` varchar(7) DEFAULT NULL,
  `modelovh` int(11) DEFAULT NULL,
  `idorigen` int(11) DEFAULT NULL,
  `iddestino` int(11) DEFAULT NULL,
  `fpartida` datetime DEFAULT NULL,
  `fllegada` datetime DEFAULT NULL,
  `prepasaje` float DEFAULT NULL,
  `nviaje` int(11) DEFAULT NULL,
  `standar` int(11) DEFAULT NULL,
  `escalacom` int(11) DEFAULT NULL,
  `ciudaddesde` varchar(50) DEFAULT NULL,
  `ciudadhasta` varchar(50) DEFAULT NULL,
  `puntoencuentro` varchar(60) DEFAULT NULL,
  `escalas` varchar(150) DEFAULT NULL,
  `horainicio2` varchar(5) DEFAULT NULL,
  `dniconductor2` int(11) DEFAULT NULL,
  `licencia2` varchar(30) DEFAULT NULL,
  `horafin1` varchar(5) DEFAULT NULL,
  `horafin2` varchar(5) DEFAULT NULL,
  `modalidad` int(11) DEFAULT NULL,
  `totalmodif` float DEFAULT NULL,
  `usuario` varchar(50) DEFAULT NULL,
  `verificarInfAdi` int(11) DEFAULT NULL
) ENGINE=InnoDB DEFAULT CHARSET=latin1;

-- --------------------------------------------------------

--
-- Estructura de tabla para la tabla `tb_viaje`
--

CREATE TABLE `tb_viaje` (
  `nviaje` int(11) NOT NULL,
  `codsocio` int(11) DEFAULT NULL,
  `empresa` int(11) DEFAULT NULL,
  `idorigen` int(11) DEFAULT NULL,
  `iddestino` int(11) DEFAULT NULL,
  `fpartida` datetime DEFAULT NULL,
  `fllegada` datetime DEFAULT NULL,
  `placa` varchar(7) DEFAULT NULL,
  `dniconductor` int(11) DEFAULT NULL,
  `prepasaje` float DEFAULT NULL,
  `totpasajes` float DEFAULT NULL,
  `totalasientos` int(11) DEFAULT NULL,
  `asientosven` int(11) DEFAULT NULL
) ENGINE=InnoDB DEFAULT CHARSET=latin1;

--
-- Volcado de datos para la tabla `tb_viaje`
--

INSERT INTO `tb_viaje` (`nviaje`, `codsocio`, `empresa`, `idorigen`, `iddestino`, `fpartida`, `fllegada`, `placa`, `dniconductor`, `prepasaje`, `totpasajes`, `totalasientos`, `asientosven`) VALUES
(1, 1006, 2, 1, 2, '2019-12-20 00:00:00', '2019-12-20 00:00:00', 'BBB-222', 76782006, 25, 0, 20, 0),
(2, 1003, 1, 1, 2, '2019-12-20 02:10:00', '2019-12-20 01:15:00', 'CCC-333', 76782003, 25, 75, 21, 20),
(3, 1003, 1, 1, 2, '2019-12-29 03:15:00', '2019-12-29 06:00:00', 'AAA-111', 76782002, 25, 25, 20, 20),
(4, 1001, 1, 1, 1, NULL, NULL, 'AAA-111', 76782001, 25, 25, 20, 20),
(5, 1002, 2, 1, 2, '2019-12-29 15:00:00', '2019-12-30 01:00:00', 'BBB-222', 76782002, 25, 0, 0, 0),
(6, 1002, 2, 1, 1, NULL, NULL, 'BBB-222', 76782002, 25, 0, 20, 20),
(7, 1001, 1, 1, 1, NULL, NULL, 'AAA-111', 76782001, 25, 500, 20, 20),
(8, 1001, 1, 3, 2, '2020-01-02 02:05:00', '2019-12-03 02:05:00', 'AAA-111', 76782001, 25, 0, 0, 0),
(9, 1001, 1, 1, 2, '2020-01-02 01:05:00', '2020-01-03 02:00:00', 'AAA-111', 76782001, 20, 0, 0, 0),
(10, 1001, 1, 1, 2, '2020-01-06 04:00:00', '2020-01-06 10:00:00', 'AAA-111', 76782001, 25, 0, 0, 0),
(11, 1001, 1, 1, 1, '2020-01-10 00:00:00', '2020-01-10 00:00:00', 'AAA-111', 76782001, 25, 0, 0, 0),
(12, 1006, 2, 1, 2, '2020-01-19 00:00:00', '2020-01-19 06:00:00', 'FFF-666', 76782006, 25, 0, 0, 0),
(13, 1001, 1, 1, 2, '2020-01-19 00:00:00', '2020-01-20 00:00:00', 'AAA-111', 76782001, 25, 0, 0, 0);

--
-- Índices para tablas volcadas
--

--
-- Indices de la tabla `tb_comprobante`
--
ALTER TABLE `tb_comprobante`
  ADD PRIMARY KEY (`id_comprobante`);

--
-- Indices de la tabla `tb_comprobantes_emitidos`
--
ALTER TABLE `tb_comprobantes_emitidos`
  ADD PRIMARY KEY (`nserie1`,`nserie2`),
  ADD KEY `idempresa` (`idempresa`),
  ADD KEY `idorigen` (`idorigen`),
  ADD KEY `iddestino` (`iddestino`);

--
-- Indices de la tabla `tb_conductor`
--
ALTER TABLE `tb_conductor`
  ADD PRIMARY KEY (`dniconductor`);

--
-- Indices de la tabla `tb_configuracion_inicial`
--
ALTER TABLE `tb_configuracion_inicial`
  ADD PRIMARY KEY (`estado`);

--
-- Indices de la tabla `tb_detalle_comprobante`
--
ALTER TABLE `tb_detalle_comprobante`
  ADD PRIMARY KEY (`id_detalle`),
  ADD KEY `FK_venta_detalle_comprobante` (`id_comprobante`);

--
-- Indices de la tabla `tb_detalle_viaje`
--
ALTER TABLE `tb_detalle_viaje`
  ADD PRIMARY KEY (`nviaje`,`nboleto`),
  ADD KEY `dnipasajero` (`dnipasajero`);

--
-- Indices de la tabla `tb_detalle_viaje_otros`
--
ALTER TABLE `tb_detalle_viaje_otros`
  ADD PRIMARY KEY (`nviaje`);

--
-- Indices de la tabla `tb_empresa`
--
ALTER TABLE `tb_empresa`
  ADD PRIMARY KEY (`idempresa`);

--
-- Indices de la tabla `tb_gastos`
--
ALTER TABLE `tb_gastos`
  ADD PRIMARY KEY (`idgasto`),
  ADD KEY `idempresa` (`idempresa`);

--
-- Indices de la tabla `tb_modelo_vehiculo`
--
ALTER TABLE `tb_modelo_vehiculo`
  ADD PRIMARY KEY (`idmodelo`);

--
-- Indices de la tabla `tb_pasajero`
--
ALTER TABLE `tb_pasajero`
  ADD PRIMARY KEY (`dnipasajero`);

--
-- Indices de la tabla `tb_pasajeros_temporal`
--
ALTER TABLE `tb_pasajeros_temporal`
  ADD PRIMARY KEY (`asiento`),
  ADD KEY `dnipasajero` (`dnipasajero`);

--
-- Indices de la tabla `tb_sedes`
--
ALTER TABLE `tb_sedes`
  ADD PRIMARY KEY (`idsede`);

--
-- Indices de la tabla `tb_servicios`
--
ALTER TABLE `tb_servicios`
  ADD PRIMARY KEY (`id_servicio`);

--
-- Indices de la tabla `tb_socio`
--
ALTER TABLE `tb_socio`
  ADD PRIMARY KEY (`codsocio`,`dnisocio`),
  ADD KEY `dniconductor` (`dniconductor`),
  ADD KEY `placa` (`placa`);

--
-- Indices de la tabla `tb_usuario`
--
ALTER TABLE `tb_usuario`
  ADD PRIMARY KEY (`usuario`);

--
-- Indices de la tabla `tb_vehiculo`
--
ALTER TABLE `tb_vehiculo`
  ADD PRIMARY KEY (`placa`),
  ADD KEY `idmodelo` (`idmodelo`);

--
-- Indices de la tabla `tb_venta_temporal`
--
ALTER TABLE `tb_venta_temporal`
  ADD PRIMARY KEY (`id`);

--
-- Indices de la tabla `tb_viaje`
--
ALTER TABLE `tb_viaje`
  ADD PRIMARY KEY (`nviaje`),
  ADD KEY `codsocio` (`codsocio`),
  ADD KEY `idorigen` (`idorigen`),
  ADD KEY `iddestino` (`iddestino`),
  ADD KEY `placa` (`placa`),
  ADD KEY `dniconductor` (`dniconductor`);

--
-- AUTO_INCREMENT de las tablas volcadas
--

--
-- AUTO_INCREMENT de la tabla `tb_comprobante`
--
ALTER TABLE `tb_comprobante`
  MODIFY `id_comprobante` int(11) NOT NULL AUTO_INCREMENT, AUTO_INCREMENT=60;

--
-- AUTO_INCREMENT de la tabla `tb_detalle_comprobante`
--
ALTER TABLE `tb_detalle_comprobante`
  MODIFY `id_detalle` int(11) NOT NULL AUTO_INCREMENT, AUTO_INCREMENT=64;

--
-- AUTO_INCREMENT de la tabla `tb_empresa`
--
ALTER TABLE `tb_empresa`
  MODIFY `idempresa` int(11) NOT NULL AUTO_INCREMENT, AUTO_INCREMENT=3;

--
-- AUTO_INCREMENT de la tabla `tb_gastos`
--
ALTER TABLE `tb_gastos`
  MODIFY `idgasto` int(11) NOT NULL AUTO_INCREMENT;

--
-- AUTO_INCREMENT de la tabla `tb_modelo_vehiculo`
--
ALTER TABLE `tb_modelo_vehiculo`
  MODIFY `idmodelo` int(11) NOT NULL AUTO_INCREMENT, AUTO_INCREMENT=7;

--
-- AUTO_INCREMENT de la tabla `tb_sedes`
--
ALTER TABLE `tb_sedes`
  MODIFY `idsede` int(11) NOT NULL AUTO_INCREMENT, AUTO_INCREMENT=5;

--
-- AUTO_INCREMENT de la tabla `tb_servicios`
--
ALTER TABLE `tb_servicios`
  MODIFY `id_servicio` int(11) NOT NULL AUTO_INCREMENT;

--
-- AUTO_INCREMENT de la tabla `tb_viaje`
--
ALTER TABLE `tb_viaje`
  MODIFY `nviaje` int(11) NOT NULL AUTO_INCREMENT, AUTO_INCREMENT=14;

--
-- Restricciones para tablas volcadas
--

--
-- Filtros para la tabla `tb_comprobantes_emitidos`
--
ALTER TABLE `tb_comprobantes_emitidos`
  ADD CONSTRAINT `tb_comprobantes_emitidos_ibfk_1` FOREIGN KEY (`idempresa`) REFERENCES `tb_empresa` (`idempresa`),
  ADD CONSTRAINT `tb_comprobantes_emitidos_ibfk_2` FOREIGN KEY (`idorigen`) REFERENCES `tb_sedes` (`idsede`),
  ADD CONSTRAINT `tb_comprobantes_emitidos_ibfk_3` FOREIGN KEY (`iddestino`) REFERENCES `tb_sedes` (`idsede`);

--
-- Filtros para la tabla `tb_detalle_comprobante`
--
ALTER TABLE `tb_detalle_comprobante`
  ADD CONSTRAINT `FK_venta_detalle_comprobante` FOREIGN KEY (`id_comprobante`) REFERENCES `tb_comprobante` (`id_comprobante`);

--
-- Filtros para la tabla `tb_detalle_viaje`
--
ALTER TABLE `tb_detalle_viaje`
  ADD CONSTRAINT `tb_detalle_viaje_ibfk_1` FOREIGN KEY (`nviaje`) REFERENCES `tb_viaje` (`nviaje`),
  ADD CONSTRAINT `tb_detalle_viaje_ibfk_2` FOREIGN KEY (`dnipasajero`) REFERENCES `tb_pasajero` (`dnipasajero`);

--
-- Filtros para la tabla `tb_detalle_viaje_otros`
--
ALTER TABLE `tb_detalle_viaje_otros`
  ADD CONSTRAINT `tb_detalle_viaje_otros_ibfk_1` FOREIGN KEY (`nviaje`) REFERENCES `tb_viaje` (`nviaje`);

--
-- Filtros para la tabla `tb_gastos`
--
ALTER TABLE `tb_gastos`
  ADD CONSTRAINT `tb_gastos_ibfk_1` FOREIGN KEY (`idempresa`) REFERENCES `tb_empresa` (`idempresa`);

--
-- Filtros para la tabla `tb_pasajeros_temporal`
--
ALTER TABLE `tb_pasajeros_temporal`
  ADD CONSTRAINT `tb_pasajeros_temporal_ibfk_1` FOREIGN KEY (`dnipasajero`) REFERENCES `tb_pasajero` (`dnipasajero`);

--
-- Filtros para la tabla `tb_socio`
--
ALTER TABLE `tb_socio`
  ADD CONSTRAINT `tb_socio_ibfk_1` FOREIGN KEY (`dniconductor`) REFERENCES `tb_conductor` (`dniconductor`),
  ADD CONSTRAINT `tb_socio_ibfk_2` FOREIGN KEY (`placa`) REFERENCES `tb_vehiculo` (`placa`);

--
-- Filtros para la tabla `tb_vehiculo`
--
ALTER TABLE `tb_vehiculo`
  ADD CONSTRAINT `tb_vehiculo_ibfk_1` FOREIGN KEY (`idmodelo`) REFERENCES `tb_modelo_vehiculo` (`idmodelo`);

--
-- Filtros para la tabla `tb_viaje`
--
ALTER TABLE `tb_viaje`
  ADD CONSTRAINT `tb_viaje_ibfk_1` FOREIGN KEY (`codsocio`) REFERENCES `tb_socio` (`codsocio`),
  ADD CONSTRAINT `tb_viaje_ibfk_2` FOREIGN KEY (`idorigen`) REFERENCES `tb_sedes` (`idsede`),
  ADD CONSTRAINT `tb_viaje_ibfk_3` FOREIGN KEY (`iddestino`) REFERENCES `tb_sedes` (`idsede`),
  ADD CONSTRAINT `tb_viaje_ibfk_4` FOREIGN KEY (`placa`) REFERENCES `tb_vehiculo` (`placa`),
  ADD CONSTRAINT `tb_viaje_ibfk_5` FOREIGN KEY (`dniconductor`) REFERENCES `tb_conductor` (`dniconductor`);
COMMIT;

/*!40101 SET CHARACTER_SET_CLIENT=@OLD_CHARACTER_SET_CLIENT */;
/*!40101 SET CHARACTER_SET_RESULTS=@OLD_CHARACTER_SET_RESULTS */;
/*!40101 SET COLLATION_CONNECTION=@OLD_COLLATION_CONNECTION */;
